Unnamed: 0,age,gender,study_hours_per_day,social_media_hours,netflix_hours,part_time_job,attendance_percentage,sleep_hours,diet_quality,exercise_frequency,parental_education_level,internet_quality,mental_health_rating,extracurricular_participation,exam_score
521,23,1,3.5,2.1,1.4,0,82.2,7.7,0,1,1,1,3,0,64.2
737,21,1,5.9,4.6,2.6,1,100.0,6.6,0,0,1,0,1,1,72.7
740,23,0,4.5,2.4,1.2,1,86.8,6.5,2,3,1,0,4,1,79.0
660,24,0,3.3,2.2,1.4,0,89.1,5.9,1,2,1,1,9,1,79.5
411,24,1,1.6,0.8,3.2,1,63.0,8.0,1,3,1,1,10,0,58.2
678,18,0,3.5,5.2,0.7,1,79.9,7.4,1,0,2,1,2,1,53.4
626,21,1,3.0,1.6,2.1,0,78.8,6.3,1,6,0,1,9,1,70.8
513,22,1,2.1,1.9,2.7,1,70.9,6.9,1,3,1,1,6,0,62.5
859,23,0,1.6,3.2,1.7,0,83.9,8.2,1,1,1,1,1,0,36.8
136,17,0,4.9,3.0,3.6,0,91.1,6.7,1,1,0,1,4,0,67.6
811,19,0,0.0,2.4,0.6,1,87.0,7.1,1,4,1,0,5,0,53.0
76,20,1,6.0,2.5,2.9,0,85.1,6.7,2,5,0,0,10,1,100.0
636,17,0,3.0,3.2,1.6,0,81.6,9.1,0,2,0,0,1,1,58.4
973,19,1,4.4,4.3,3.2,0,76.0,5.4,1,4,2,1,8,0,74.6
938,22,1,1.2,2.3,1.7,0,97.7,4.9,0,1,1,2,1,0,28.0
899,19,0,3.8,2.0,1.5,0,80.8,5.1,2,0,1,0,1,0,55.7
280,20,0,4.5,4.6,2.0,0,87.9,6.5,0,2,0,1,6,0,73.8
883,24,1,3.7,2.8,2.1,0,82.3,5.8,1,6,1,0,4,0,75.5
761,18,0,4.6,3.4,2.0,0,77.5,7.9,1,0,0,1,1,1,71.8
319,22,1,2.8,3.3,3.3,0,73.7,3.9,1,4,2,0,5,1,59.4
549,23,1,2.0,4.4,1.8,0,92.5,9.5,1,4,0,0,4,0,51.5
174,24,1,3.7,3.6,3.3,1,80.2,7.7,1,5,1,2,2,0,69.3
371,24,1,0.8,1.4,3.8,1,76.5,7.5,1,2,0,0,10,0,36.0
527,18,0,3.8,0.7,2.1,0,77.5,7.2,1,5,0,1,10,0,81.8
210,23,0,3.2,2.3,1.7,1,83.8,6.6,2,0,2,1,9,0,66.3
235,20,0,3.8,0.8,0.3,0,72.3,6.7,0,1,1,2,3,0,71.5
101,18,1,3.6,3.0,1.9,0,78.1,4.5,1,6,0,0,6,0,74.0
986,20,1,1.1,1.7,2.2,0,91.4,7.0,2,5,2,2,8,0,59.6
902,22,1,4.1,2.4,0.8,0,72.7,5.8,0,3,2,1,3,0,66.7
947,24,0,4.5,3.2,3.3,1,70.0,6.3,1,0,1,1,6,1,59.9
346,19,1,4.5,6.0,2.2,1,95.3,7.6,2,3,1,1,2,1,73.7
139,17,1,4.0,0.7,3.1,0,86.0,5.6,1,6,1,2,6,0,83.5
621,18,0,3.4,1.7,1.4,0,95.5,7.8,1,0,2,1,2,0,70.7
499,20,1,5.2,3.2,4.2,1,78.9,6.1,2,0,0,2,10,0,83.3
370,20,1,3.7,3.1,3.4,1,83.7,5.5,0,1,1,0,5,1,59.8
198,21,1,1.3,0.4,2.3,1,69.2,5.5,1,1,1,1,8,1,42.2
687,21,1,2.2,1.5,1.3,1,89.8,6.5,2,5,2,0,9,0,71.6
584,22,0,2.1,0.0,0.7,0,77.5,6.1,1,0,0,0,5,0,52.5
901,20,1,3.3,2.1,2.1,0,99.4,4.4,0,6,1,1,3,1,71.4
59,21,0,6.7,2.2,2.6,0,84.5,6.7,1,3,2,0,5,1,97.1
328,24,0,1.2,2.5,0.8,1,96.9,5.8,1,4,2,1,5,0,50.3
96,18,0,6.0,3.6,0.8,0,92.3,7.1,1,0,1,1,3,0,87.9
312,20,1,3.3,1.6,1.9,0,93.2,4.5,1,6,2,0,4,0,70.1
974,20,1,3.0,2.5,1.7,0,90.1,4.0,0,3,0,2,7,0,70.9
299,24,0,4.5,3.1,0.5,0,100.0,7.7,0,3,0,0,10,0,93.8
277,22,0,5.9,3.5,0.4,0,89.0,4.9,1,1,1,1,3,0,71.4
924,17,2,2.7,2.3,3.2,1,97.4,5.5,2,5,0,0,1,1,57.4
601,24,2,4.6,1.5,1.8,0,81.5,7.3,0,0,1,1,5,1,80.2
439,19,0,2.4,1.9,1.5,0,92.4,7.8,1,6,1,1,3,0,63.8
837,21,0,2.2,1.0,1.4,0,76.6,5.1,2,2,1,2,10,0,62.6
570,22,1,3.2,4.0,2.7,0,74.5,8.0,1,6,2,1,6,1,61.8
879,21,0,0.8,2.3,1.0,0,91.8,6.7,0,2,1,2,6,0,44.3
261,22,1,5.1,3.9,1.7,1,81.6,5.9,0,0,1,2,3,1,65.1
578,18,1,4.9,4.4,1.4,1,97.0,6.7,0,4,1,0,3,0,77.2
23,24,0,1.1,4.1,1.4,1,90.0,9.0,0,6,0,1,1,0,43.7
30,21,0,3.7,0.6,1.3,0,75.6,7.5,0,2,2,0,5,0,70.6
617,24,0,3.4,2.2,0.4,0,91.4,5.6,0,5,1,2,5,0,71.3
10,19,0,4.6,3.7,0.8,0,77.6,5.8,0,1,1,1,3,0,63.3
221,19,1,2.8,1.4,3.1,0,100.0,5.4,2,4,1,1,6,1,63.7
820,23,1,2.0,2.8,3.3,0,90.7,6.9,0,1,2,2,5,0,50.7
296,22,0,4.6,1.8,3.0,0,74.4,6.3,0,6,1,0,8,0,86.2
54,23,0,3.1,1.9,2.6,1,64.0,7.1,0,5,1,1,10,0,68.1
542,19,1,4.5,4.9,0.8,0,80.2,6.2,1,1,0,2,8,0,72.2
209,21,0,2.2,4.0,1.9,0,86.2,6.2,2,0,1,0,5,1,47.1
604,23,2,3.1,2.8,2.0,0,100.0,6.8,2,4,2,1,8,1,72.8
692,21,1,1.7,1.2,3.2,0,76.9,5.8,1,4,1,0,5,1,37.4
662,21,1,3.2,2.4,1.8,0,86.1,4.4,0,4,1,0,8,1,76.3
866,21,0,6.2,2.7,0.9,0,80.9,3.7,0,3,0,1,4,1,87.9
70,18,0,2.7,1.7,1.3,0,95.5,6.1,2,2,0,1,2,1,59.7
543,18,0,5.2,3.7,0.9,0,96.0,6.9,1,0,1,2,2,0,77.1
107,20,1,2.1,2.9,1.4,0,76.9,6.1,0,4,1,0,7,0,60.4
493,22,0,3.0,3.7,0.9,0,67.3,5.9,2,5,0,0,10,0,73.9
590,17,0,0.0,4.6,1.2,0,96.2,6.1,2,6,0,0,7,0,42.0
741,22,0,3.0,2.0,1.7,0,98.5,5.4,2,1,0,1,3,0,51.3
292,17,0,3.9,2.4,1.7,1,91.0,7.5,1,4,2,0,6,1,74.2
289,24,0,3.5,1.7,1.3,0,74.3,6.1,1,1,1,1,7,1,73.5
652,23,0,5.9,4.6,0.9,0,96.9,5.4,1,4,0,0,10,0,100.0
39,19,1,5.5,3.1,2.3,0,71.3,5.7,1,1,1,0,3,0,82.3
589,21,1,5.0,2.3,0.2,0,78.9,6.8,2,6,0,1,1,0,75.4
307,18,0,4.1,2.5,1.9,1,91.5,7.6,0,2,1,1,5,0,75.4
679,18,0,3.2,2.3,1.5,0,59.5,6.5,1,2,0,1,7,0,64.2
66,20,1,3.6,4.2,0.9,0,67.0,5.4,1,4,0,0,8,0,66.5
275,20,1,3.9,2.1,2.8,0,74.2,6.7,0,5,0,0,6,0,77.8
67,17,1,3.3,1.8,3.2,0,81.7,5.8,2,0,2,1,2,0,62.2
318,23,1,2.2,0.9,3.1,0,76.8,6.0,0,6,1,2,7,0,64.1
548,18,0,3.3,2.1,2.3,0,61.2,7.3,2,6,1,2,3,0,67.1
998,24,1,5.4,4.1,1.1,1,100.0,7.6,0,0,0,0,1,0,69.7
714,24,0,5.5,2.5,1.0,0,83.2,6.8,0,0,0,1,1,1,80.6
753,18,1,4.3,3.4,0.9,0,83.3,5.7,0,1,2,1,2,0,59.2
327,23,1,0.9,2.4,2.5,0,89.2,6.9,0,0,1,2,1,0,23.1
382,20,1,6.0,2.2,2.8,1,83.1,7.6,1,0,0,0,6,0,96.8
451,22,0,1.2,1.1,1.9,0,69.9,4.8,2,4,2,2,7,0,58.6
522,22,0,2.1,2.1,2.0,0,74.6,5.7,0,0,1,1,6,1,44.1
218,24,1,2.6,2.0,2.4,0,76.3,7.4,0,1,0,1,3,0,48.5
787,24,1,3.5,0.0,2.3,0,79.0,3.5,0,3,0,1,5,1,64.4
436,24,1,4.4,1.8,0.7,0,74.0,7.8,1,4,1,1,2,1,78.4
764,21,1,6.6,2.6,1.5,0,84.7,7.9,0,1,2,2,2,0,96.6
88,20,1,3.9,2.3,2.1,0,100.0,6.1,2,6,0,1,4,0,73.4
63,17,1,4.1,2.3,2.6,1,76.5,5.1,0,3,0,0,9,0,77.6
826,19,1,4.6,2.4,2.4,0,75.2,6.9,2,4,1,1,4,0,87.8
716,19,1,2.7,1.4,2.8,0,83.7,5.6,1,2,1,0,7,1,63.5
351,17,0,3.2,3.2,0.8,0,98.6,7.3,1,0,1,1,6,0,70.4
936,22,1,4.5,3.8,2.5,0,88.6,4.9,1,5,0,0,2,1,66.1
256,23,0,3.6,3.2,2.7,0,90.6,5.7,1,0,0,1,6,0,64.5
635,18,1,2.4,1.5,1.4,0,79.7,4.9,2,1,2,2,3,0,45.8
644,24,1,0.8,2.4,0.8,0,100.0,6.2,0,3,0,0,2,1,35.3
554,17,2,2.7,2.9,2.9,0,80.9,6.6,0,0,1,2,6,0,53.4
959,23,0,3.2,4.5,0.7,0,95.1,5.9,0,2,2,1,1,0,45.7
168,23,1,1.7,3.3,0.6,0,89.0,5.4,0,5,0,1,4,1,50.1
917,20,1,5.3,3.2,0.0,0,75.2,4.4,1,5,1,1,3,0,77.2
528,18,1,3.9,3.4,3.2,0,65.3,5.1,0,6,1,0,9,1,77.0
823,23,1,4.8,2.8,0.6,0,93.5,6.7,0,4,1,1,1,0,85.4
985,18,1,5.7,3.1,0.0,1,86.6,5.7,0,2,2,1,3,1,80.9
816,17,0,5.2,4.0,2.4,0,98.9,6.2,0,1,1,0,9,0,80.6
86,22,1,3.6,1.4,2.3,0,83.1,9.5,1,5,0,2,6,0,79.2
432,21,2,4.2,2.4,4.3,0,80.1,5.5,0,0,2,1,9,0,70.7
184,17,0,4.9,0.0,0.7,0,71.2,6.4,0,5,2,2,5,0,96.2
978,24,0,1.6,3.1,2.8,0,82.7,7.8,0,0,0,1,5,1,43.5
534,19,1,3.7,2.9,2.8,0,100.0,6.5,1,6,0,0,8,0,82.5
294,18,1,4.3,3.3,0.0,0,100.0,6.8,0,6,1,0,9,0,94.9
892,17,1,2.5,2.2,2.3,0,86.6,6.3,0,0,1,1,2,0,46.8
425,21,1,4.5,1.7,0.4,0,86.1,7.8,2,4,0,2,2,1,71.1
713,20,0,4.7,1.8,0.2,1,94.4,6.7,0,1,0,1,8,0,83.3
260,17,1,4.3,3.8,1.1,0,95.3,4.8,0,1,1,0,8,0,70.9
237,22,0,2.0,1.3,3.4,1,75.0,4.9,0,1,1,0,9,0,53.8
559,22,0,2.8,2.6,1.7,0,72.2,7.0,0,6,1,1,4,0,70.3
583,18,0,5.2,3.2,2.0,0,70.0,6.9,0,2,0,2,1,1,70.5
445,19,1,2.1,2.3,0.9,0,78.8,4.8,1,3,0,2,10,0,63.1
867,22,0,5.4,3.0,1.5,0,100.0,8.5,2,6,0,1,2,0,94.5
800,17,1,3.4,1.5,1.0,0,90.8,7.5,1,4,0,2,7,1,86.1
599,22,1,5.5,3.2,1.8,0,100.0,7.5,0,0,1,2,6,0,77.3
849,22,1,4.9,1.9,2.5,0,90.9,6.0,0,3,0,0,10,0,98.7
265,18,0,0.6,3.1,3.0,0,79.9,5.2,1,1,0,1,4,0,18.4
995,21,0,2.6,0.5,1.6,0,77.0,7.5,0,2,1,1,6,1,76.1
529,18,0,3.1,3.2,1.6,0,84.8,7.5,0,6,2,1,1,0,65.7
55,20,1,5.4,2.8,3.8,0,91.8,6.9,1,2,1,1,8,0,87.2
120,24,1,3.7,0.4,0.9,0,92.1,6.6,0,6,0,0,6,0,87.9
215,21,0,3.2,4.2,0.7,0,76.5,5.4,1,6,1,1,5,1,67.5
25,22,1,4.9,4.3,3.3,0,74.7,9.0,0,1,1,0,2,1,69.9
72,17,1,3.4,0.1,0.6,0,77.7,7.9,0,1,1,0,4,1,77.1
44,20,0,3.6,1.4,0.8,0,73.0,5.3,1,4,1,2,9,0,78.5
247,17,0,5.8,3.5,1.9,0,88.7,8.8,0,1,0,1,8,1,90.0
721,19,1,5.9,0.0,2.0,1,84.6,8.3,2,3,1,1,8,0,100.0
281,20,0,5.3,4.2,1.1,1,79.9,5.1,1,2,1,0,9,0,83.3
893,21,0,3.0,1.6,2.0,0,98.6,6.0,1,5,0,1,2,0,67.7
914,20,0,2.6,1.6,1.3,1,87.4,5.2,1,6,0,2,10,0,72.9
810,19,1,4.4,0.2,1.4,0,81.2,5.4,1,1,1,0,10,0,80.7
244,23,1,5.0,4.5,2.3,0,87.2,7.7,1,6,1,0,8,0,98.0
822,22,0,2.6,3.4,5.3,0,79.8,9.0,2,0,0,1,2,0,49.1
321,21,1,2.9,4.6,0.0,1,77.6,4.9,1,3,0,1,9,1,67.8
643,17,0,1.2,1.3,2.0,0,85.2,4.3,0,6,1,1,4,0,49.4
158,17,0,2.6,1.8,3.0,0,83.8,6.6,0,4,0,1,5,1,62.3
977,24,0,5.8,1.3,2.2,1,89.1,7.9,1,5,1,0,1,1,99.0
429,20,1,3.6,2.4,1.4,0,70.0,8.6,0,2,0,0,7,0,67.6
941,21,1,2.1,3.5,0.9,0,88.8,5.6,0,6,1,1,6,0,63.4
462,22,1,4.9,2.6,0.0,1,66.1,7.6,2,3,0,1,4,0,80.9
309,22,1,4.2,2.2,1.6,0,84.9,7.1,0,5,1,1,3,1,73.3
697,18,2,3.1,2.2,2.5,0,88.0,5.6,1,4,1,1,9,0,66.9
60,19,0,1.7,2.1,0.6,1,92.1,7.9,0,1,1,0,4,0,61.2
884,24,0,2.3,3.4,2.8,0,85.3,8.9,1,0,2,1,3,0,40.9
595,20,1,5.6,2.0,0.0,0,77.5,7.1,0,4,0,0,7,0,100.0
767,24,1,3.1,2.8,2.3,0,79.0,4.8,2,0,0,0,10,0,63.7
649,21,0,4.8,1.8,2.7,0,77.8,6.6,0,6,0,0,5,0,88.0
650,23,0,2.8,2.4,0.7,0,78.6,8.2,0,0,0,1,5,0,61.5
865,17,1,3.8,2.0,1.4,0,82.6,5.4,1,2,2,1,2,0,65.9
668,21,1,3.4,3.6,3.1,0,89.2,6.4,1,2,0,1,10,0,76.4
298,21,0,5.4,3.1,1.8,0,88.1,6.2,2,3,1,0,4,1,91.3
689,18,0,4.1,1.9,0.2,0,84.0,4.0,0,6,1,1,2,0,72.4
314,19,0,2.3,2.9,1.0,0,75.3,5.8,1,2,0,1,5,1,48.9
310,24,2,5.3,3.8,1.7,0,79.0,7.1,1,6,2,0,8,0,96.3
361,17,1,4.4,6.1,0.0,0,92.6,5.1,2,4,0,0,9,1,84.9
479,20,0,1.9,3.0,2.3,0,91.4,5.7,1,5,0,1,4,0,43.3
110,24,1,5.1,2.9,1.6,0,64.3,6.5,0,3,0,0,9,1,86.5
989,24,1,1.0,1.4,2.1,1,76.4,4.9,0,3,1,0,6,0,47.6
486,19,0,3.2,2.1,2.1,0,94.3,8.1,0,0,1,1,3,0,69.4
363,18,1,2.1,2.1,3.6,0,87.8,5.8,0,5,2,2,4,0,56.9
254,17,1,2.5,3.7,1.2,1,78.6,7.8,1,6,0,0,9,0,78.8
259,19,0,4.3,0.9,1.2,0,80.7,6.3,0,4,2,1,1,0,72.6
802,17,1,4.3,1.9,1.9,0,78.7,10.0,0,4,1,1,2,0,82.9
677,24,1,3.7,4.5,2.2,0,85.9,9.1,1,3,1,1,5,0,73.8
494,21,1,4.0,1.7,2.0,0,78.1,5.7,0,3,1,1,5,0,66.5
670,17,0,4.6,0.5,1.6,0,72.3,5.5,1,2,2,1,10,1,88.9
377,17,0,2.7,3.6,0.9,0,86.9,7.2,1,2,1,2,6,1,67.9
526,19,0,2.8,3.1,4.5,0,95.9,6.3,0,2,1,1,3,0,40.7
845,21,1,3.8,0.9,2.5,0,78.2,6.5,2,6,1,0,4,1,78.1
137,17,1,3.1,4.2,0.8,0,69.4,7.0,1,6,0,2,2,0,64.7
355,23,1,3.3,2.9,2.3,1,89.6,8.3,1,2,1,0,10,0,81.1
365,23,0,5.1,3.1,0.5,1,81.9,4.8,1,1,1,2,3,0,76.0
942,24,0,2.2,4.5,3.3,0,76.8,6.1,2,3,1,1,7,0,50.2
749,18,0,3.7,4.0,1.0,0,70.1,6.7,1,0,0,2,9,1,77.2
948,22,0,3.0,3.0,1.6,0,70.2,6.7,0,2,2,1,7,0,63.2
829,24,0,4.1,5.4,0.9,0,81.8,7.0,2,3,1,1,8,1,73.2
656,23,1,0.3,3.1,1.4,1,77.5,8.3,1,3,0,1,5,0,36.1
199,19,0,3.8,3.0,0.7,0,85.5,5.1,0,2,0,1,4,0,61.6
213,23,1,1.1,3.1,3.8,0,88.3,6.8,1,6,0,2,6,0,45.5
408,20,1,1.2,3.5,2.0,0,81.7,6.5,2,4,0,1,1,0,34.3
332,20,1,2.7,1.9,2.3,0,71.6,7.7,0,3,1,2,8,0,71.2
208,22,1,2.8,1.2,2.2,1,94.1,7.2,0,3,1,0,10,0,75.8
613,18,0,3.8,0.6,1.0,0,98.3,7.2,0,3,0,0,9,0,85.7
78,23,0,4.4,2.0,2.0,1,85.8,7.1,1,4,2,1,5,0,77.3
29,20,0,2.0,3.2,3.8,1,82.6,6.7,2,6,1,2,10,1,75.7
535,22,0,6.4,4.2,1.5,1,88.8,6.1,0,0,1,1,6,0,85.0
695,20,0,2.5,1.9,1.6,0,93.6,7.0,1,4,0,1,8,0,68.5
557,22,1,3.8,3.6,4.3,0,100.0,7.3,2,1,0,2,7,1,69.9
836,19,1,3.5,2.8,0.0,0,92.0,3.8,0,5,1,2,5,1,58.7
596,21,1,3.3,2.7,1.9,0,98.2,8.3,0,3,0,2,1,0,66.1
165,17,1,0.5,3.3,2.3,0,90.0,6.8,0,4,1,1,5,0,39.0
918,20,1,3.3,2.8,1.4,1,71.2,6.5,2,5,0,0,7,0,71.9
495,23,1,3.1,3.5,2.2,0,78.8,3.4,0,0,2,1,7,0,49.9
824,24,2,4.9,0.5,2.1,0,85.3,7.5,2,0,1,0,4,0,83.9
65,18,0,3.3,4.1,0.7,0,80.5,5.7,2,0,2,1,8,0,69.6
141,17,1,5.0,1.3,0.8,0,95.4,5.4,1,6,0,1,7,0,96.2
925,19,2,1.7,2.9,1.6,1,97.3,8.7,1,1,1,1,7,0,53.6
827,18,0,4.3,2.6,1.2,0,71.0,8.5,1,5,0,0,9,0,87.5
655,21,0,2.2,3.5,0.0,0,82.5,5.1,2,0,0,0,7,0,57.6
331,17,1,7.3,1.7,1.6,0,79.5,7.7,0,6,1,0,2,1,100.0
664,17,1,3.8,2.4,1.1,0,83.1,5.0,0,4,1,1,4,0,64.4
249,19,0,3.1,1.1,4.1,0,65.4,5.6,1,3,1,1,10,1,58.4
907,19,0,3.3,2.5,2.1,0,63.8,5.5,0,1,1,0,3,0,55.4
708,24,1,1.9,3.1,2.0,0,92.6,5.3,1,4,1,2,6,0,53.2
305,21,0,4.4,3.6,0.3,0,76.6,5.4,0,2,1,1,5,1,87.5
734,18,0,3.4,3.1,1.4,0,100.0,6.8,2,4,0,1,5,0,75.2
975,18,0,2.6,3.0,1.4,0,84.1,8.1,0,6,0,0,3,0,66.7
49,22,0,6.1,2.5,2.3,0,100.0,5.8,2,5,1,0,1,0,96.5
896,22,1,2.8,1.8,3.4,1,74.0,5.1,1,6,1,0,5,0,58.4
2,21,1,1.4,3.1,1.3,0,94.8,8.0,2,1,1,2,1,0,34.3
544,17,0,4.1,2.8,1.6,0,100.0,7.3,2,6,0,0,7,0,87.9
350,20,1,1.8,3.1,3.1,0,72.8,5.3,1,3,1,0,8,0,54.0
904,19,0,3.9,0.7,0.7,1,88.6,5.7,2,1,1,2,1,1,73.0
536,24,1,2.0,3.8,1.2,0,81.3,6.7,1,1,0,1,7,1,40.4
344,19,1,3.2,1.2,1.2,0,78.6,6.6,0,2,1,2,10,1,81.7
994,20,0,1.6,1.3,2.9,0,75.3,5.6,1,0,1,0,5,0,41.7
481,22,0,5.6,2.2,1.6,0,65.2,8.3,1,0,2,2,7,0,84.6
575,22,1,1.1,1.9,1.7,0,92.3,7.6,0,4,2,1,3,1,48.3
33,18,0,4.0,0.9,1.1,0,99.5,5.8,2,2,1,0,5,0,70.7
31,17,2,1.5,3.1,2.6,1,96.2,8.0,0,4,0,0,3,1,51.3
231,20,0,2.5,1.4,0.9,0,83.5,6.3,1,6,0,1,8,0,73.1
963,23,0,3.1,2.1,2.0,0,95.9,4.7,2,0,1,1,2,0,53.3
192,17,0,4.3,3.3,2.3,0,86.5,5.5,2,4,2,1,6,0,69.4
333,19,1,3.8,4.2,1.2,0,92.2,7.1,1,1,1,1,10,0,72.3
3,23,0,1.0,3.9,1.0,0,71.0,9.2,2,4,2,1,1,1,26.8
204,20,1,5.3,1.7,1.0,0,79.3,5.9,0,0,0,1,3,1,78.4
514,18,0,5.9,1.3,1.7,0,80.6,6.2,0,5,1,1,1,1,87.1
799,19,0,3.8,1.2,2.0,0,82.2,7.1,1,2,0,0,2,1,66.3
306,20,0,6.0,1.6,1.3,0,92.5,8.1,0,5,0,0,9,0,100.0
109,23,0,5.4,2.4,2.5,0,95.7,6.0,0,2,1,1,2,0,77.5
430,17,1,1.9,4.0,3.0,0,98.6,6.2,2,0,0,0,7,1,35.7
77,20,0,2.7,1.4,0.4,0,82.6,7.8,0,1,0,2,1,0,57.2
84,23,0,2.5,4.4,1.6,0,84.4,6.8,0,5,0,0,4,0,51.3
286,17,0,2.7,2.9,1.7,0,82.8,6.4,0,4,2,0,1,0,46.6
82,21,0,2.6,4.9,0.0,1,86.6,6.3,0,6,1,2,4,0,60.2
991,20,1,6.0,2.1,3.0,0,86.7,5.1,1,2,1,1,3,0,85.3
789,23,1,3.4,0.5,0.4,0,72.9,7.9,0,4,0,1,4,0,78.0
894,20,1,1.5,4.6,0.7,1,82.6,7.0,1,1,0,1,4,1,45.4
398,24,1,5.7,2.9,1.7,0,77.3,6.4,1,0,2,1,2,1,69.1
323,18,1,2.9,1.6,1.7,0,100.0,6.1,1,0,0,1,10,0,70.2
519,18,1,2.9,2.2,1.7,1,99.0,5.3,1,2,0,0,7,0,71.2
916,18,1,4.4,3.4,1.4,0,91.1,6.5,1,1,1,1,7,0,69.1
922,17,1,1.3,0.1,3.6,0,82.0,5.8,2,5,2,0,2,1,44.3
5,24,1,7.2,1.3,0.0,0,82.9,7.4,0,1,2,0,4,0,100.0
731,17,1,3.5,0.0,2.4,0,92.2,6.2,1,4,2,2,1,0,63.6
465,23,1,5.1,1.5,0.8,0,81.0,5.5,0,6,1,1,4,0,83.2
97,20,1,4.1,2.0,1.0,0,90.4,5.4,1,5,0,0,6,0,80.9
266,20,0,6.6,3.2,2.1,0,86.5,9.3,0,5,2,0,4,1,100.0
357,24,1,4.4,0.0,2.3,0,75.8,7.0,0,2,0,0,1,0,81.9
868,23,1,3.8,1.9,3.6,0,96.8,5.5,0,6,2,1,2,0,77.8
798,17,0,5.1,3.9,3.0,0,79.3,7.2,1,1,0,0,10,0,90.6
380,24,1,3.5,1.6,2.2,0,69.9,9.3,1,0,0,0,6,0,67.7
631,20,0,3.7,1.8,1.3,0,91.9,6.3,0,6,2,1,10,0,80.9
381,22,0,6.2,1.0,3.4,0,82.8,5.9,2,4,0,1,10,0,100.0
490,24,0,4.4,1.4,2.2,0,94.6,5.5,1,3,2,1,2,1,63.6
118,24,0,3.8,3.3,1.9,0,72.8,6.9,2,3,0,1,2,1,58.3
900,21,1,4.8,2.9,2.6,0,66.0,7.6,2,0,2,0,6,1,82.1
250,22,1,5.5,3.5,1.1,1,81.3,7.0,1,2,1,0,10,0,100.0
523,23,2,4.0,3.4,3.2,0,83.0,6.6,1,5,1,0,1,0,61.7
9,18,0,4.8,3.1,1.3,0,95.4,7.5,1,5,0,1,10,1,100.0
196,18,1,2.7,2.1,1.9,0,88.9,8.7,1,4,1,2,5,0,64.5
603,22,0,1.1,1.7,2.7,0,94.5,5.3,0,3,1,0,3,0,35.8
81,20,2,3.2,3.2,5.0,0,100.0,6.7,1,5,1,2,2,0,57.6
783,20,1,3.0,2.3,0.0,0,66.0,7.5,1,2,1,1,9,0,77.9
587,19,1,4.3,1.1,2.0,0,78.9,7.5,1,4,2,0,5,0,71.4
797,23,1,8.2,2.2,1.5,0,83.1,5.7,2,2,2,1,5,1,100.0
239,24,1,2.5,2.6,1.4,0,100.0,6.2,2,0,2,2,6,0,52.5
290,17,1,4.0,1.4,1.3,0,80.7,4.8,0,2,1,2,8,0,75.9
211,23,0,6.1,1.8,0.5,0,82.9,6.1,1,6,0,1,3,1,98.3
717,20,0,3.2,1.7,2.1,1,96.3,6.9,1,1,2,0,4,1,66.3
359,19,1,6.3,1.5,0.0,0,83.3,7.3,1,5,0,1,2,1,100.0
449,22,0,3.1,4.0,1.3,0,85.2,8.0,0,6,1,1,8,1,74.0
227,22,0,5.8,1.4,1.9,0,85.2,4.7,1,4,0,0,8,1,96.6
950,19,0,2.7,1.1,3.1,0,77.6,4.7,0,5,1,0,2,0,50.8
946,21,0,2.1,0.9,1.5,0,91.7,5.6,0,3,0,1,1,1,55.0
796,21,1,0.3,3.6,1.7,0,95.2,6.7,2,3,0,0,4,1,33.6
501,21,0,3.3,1.4,1.0,0,96.8,6.2,1,0,0,2,5,0,74.9
464,20,1,6.3,3.0,3.9,1,73.1,6.9,0,2,2,0,5,0,85.3
362,17,0,3.2,2.9,0.7,0,92.0,6.1,0,5,2,2,5,0,67.9
468,21,0,3.6,2.0,0.1,0,76.5,7.1,1,0,0,1,2,1,66.8
935,17,1,3.4,4.0,0.7,1,87.1,7.3,2,1,2,1,2,0,62.0
428,17,0,2.3,1.5,3.2,0,83.1,8.2,1,1,1,0,3,0,52.4
7,21,0,4.3,1.0,2.0,1,77.7,4.6,0,0,0,0,8,0,72.6
155,18,1,1.5,3.0,2.3,0,77.9,6.6,0,3,1,1,10,0,57.3
541,18,0,4.2,3.8,3.4,1,84.8,5.4,1,2,1,1,5,0,67.4
440,17,1,3.2,0.2,0.9,0,100.0,6.9,0,4,0,1,5,0,76.1
482,21,1,3.4,1.5,0.7,0,79.3,7.1,0,1,1,2,1,0,67.0
422,22,0,2.0,2.4,3.9,0,66.9,4.1,0,3,1,1,2,1,29.5
778,24,1,5.1,0.5,1.4,0,88.9,4.1,1,4,0,0,8,0,100.0
949,21,0,4.4,0.3,2.1,0,100.0,5.5,0,4,0,1,4,0,84.5
334,22,0,5.8,1.0,2.4,0,97.9,6.1,0,4,1,0,9,0,100.0
576,21,1,1.9,2.1,1.3,0,91.4,5.6,0,3,1,1,10,0,61.7
934,24,1,5.1,1.5,3.2,0,78.6,7.0,2,5,1,2,8,1,89.3
567,24,1,4.7,4.1,3.0,0,71.2,4.9,1,3,0,2,10,1,93.1
594,20,1,4.3,2.4,1.0,1,97.9,7.2,1,3,1,0,6,0,88.0
530,17,1,4.4,1.3,2.4,0,87.9,5.5,1,2,2,1,8,1,80.9
581,17,1,3.2,3.1,2.4,0,91.3,6.7,0,3,1,0,3,0,68.5
707,24,1,5.2,1.4,3.6,0,98.6,5.7,1,4,0,0,6,0,92.0
448,23,0,4.0,3.6,0.3,0,93.4,7.0,1,6,1,1,10,1,91.9
453,22,0,3.4,2.5,2.2,0,63.2,7.4,2,1,2,1,4,0,63.4
228,17,1,3.5,3.6,2.7,0,92.9,8.4,0,3,1,0,8,1,72.6
352,17,1,2.4,3.2,3.7,0,78.9,8.2,1,5,0,1,4,1,47.0
728,21,2,2.8,2.0,2.0,0,80.1,5.6,0,2,1,0,3,1,59.9
212,21,1,1.4,2.7,3.4,0,92.5,4.7,2,1,0,0,2,1,29.7
79,20,1,5.9,3.3,2.8,1,79.9,5.5,1,3,2,0,7,0,91.6
148,17,0,5.1,3.1,3.7,0,94.6,6.4,0,1,2,1,7,0,85.2
302,19,0,3.2,3.1,2.0,0,86.8,5.6,0,5,1,2,9,0,74.5
628,23,1,4.0,2.0,2.0,0,85.3,6.5,0,4,2,1,2,1,70.7
777,24,2,4.2,2.2,0.3,1,89.0,6.8,2,3,1,1,10,1,87.5
506,24,0,2.0,3.5,2.6,0,76.5,4.8,1,6,2,1,5,0,53.2
342,19,1,2.3,2.1,1.8,0,77.2,5.0,0,5,1,0,3,0,54.7
485,22,0,4.1,1.6,0.6,0,73.1,5.5,0,5,1,1,1,0,77.5
711,18,1,3.2,3.1,2.0,0,100.0,5.4,1,4,1,0,7,0,70.9
133,21,0,4.8,1.5,2.2,0,87.9,5.9,0,4,0,2,2,1,78.4
703,24,1,0.9,3.3,1.6,1,87.3,6.5,2,6,0,1,5,0,37.9
311,23,0,2.6,5.3,1.7,1,69.4,7.3,1,5,0,0,10,0,67.0
722,20,1,1.6,1.8,0.0,0,98.8,6.4,1,3,0,1,5,0,58.6
629,23,1,5.5,2.7,3.2,1,91.9,7.3,0,6,1,1,1,0,82.6
0,23,0,0.0,1.2,1.1,0,85.0,8.0,0,6,2,0,8,1,56.2
316,19,0,3.3,2.2,2.9,1,80.3,9.7,1,0,1,2,9,0,76.1
706,20,0,5.0,1.5,2.2,0,56.7,5.5,2,2,2,0,4,0,83.6
547,20,1,6.3,2.5,3.3,0,85.4,6.1,0,6,1,1,5,0,95.6
872,18,0,4.2,3.0,0.5,0,100.0,6.0,0,3,1,0,4,0,78.4
532,17,1,4.8,2.5,3.1,1,81.7,7.1,0,5,1,1,5,1,83.0
477,24,1,4.1,3.6,2.2,0,93.8,6.9,2,5,1,2,8,0,84.0
404,24,1,4.6,1.4,2.9,1,74.5,5.4,1,6,0,0,7,1,85.6
172,19,1,3.2,0.7,3.5,0,74.3,7.1,1,5,1,1,5,0,68.3
125,24,1,1.5,3.1,3.5,0,95.5,7.4,0,0,1,0,3,0,44.0
394,19,0,3.2,1.5,0.0,0,79.6,8.1,1,5,0,1,10,0,92.0
420,18,0,3.8,2.9,4.1,1,68.7,9.1,0,4,2,1,3,0,70.8
552,21,0,0.2,3.1,2.1,1,77.9,7.0,1,5,2,1,4,1,31.5
903,23,0,3.3,1.9,2.2,0,79.1,6.2,0,4,1,0,7,0,70.9
90,24,1,4.0,2.3,2.5,0,74.7,7.8,0,6,0,1,1,0,77.8
939,18,0,4.7,3.2,1.9,0,75.2,5.4,1,3,1,1,6,0,71.0
181,23,1,3.5,3.0,1.5,1,79.1,5.5,1,0,0,0,9,0,67.4
274,17,0,3.2,2.8,4.3,0,86.1,7.7,0,4,1,0,4,1,58.6
895,20,0,2.3,1.5,2.0,0,83.8,5.6,0,3,0,0,6,0,57.0
69,22,1,6.8,3.7,1.8,0,72.3,7.5,2,6,2,0,5,0,100.0
291,19,0,6.1,1.5,0.4,0,89.2,7.0,2,1,0,0,9,0,100.0
131,21,0,7.2,3.7,0.0,0,100.0,7.8,1,6,1,1,9,0,100.0
300,17,0,3.3,2.6,3.7,0,71.0,5.7,2,6,1,1,4,1,61.6
424,24,1,4.1,3.8,1.9,1,84.5,7.6,0,1,0,2,10,0,73.0
326,19,1,1.4,2.0,3.5,0,87.7,6.3,0,1,0,1,8,0,41.7
144,24,1,4.3,4.9,3.0,0,75.1,8.4,0,5,2,1,9,1,74.0
423,19,0,3.6,4.0,0.5,0,82.3,4.7,1,1,1,2,1,0,53.2
580,22,0,3.3,3.0,1.0,0,90.0,8.5,1,5,2,0,4,0,73.0
135,21,1,3.4,3.1,0.6,0,82.8,4.7,0,4,0,1,8,0,74.3
450,22,0,3.1,3.3,1.8,0,98.5,6.5,0,2,0,0,8,0,62.7
164,18,1,3.6,2.5,3.0,0,95.3,5.8,2,3,1,0,2,1,63.1
28,24,1,4.3,2.0,2.8,1,78.4,8.1,1,5,1,2,3,1,82.8
773,20,1,3.3,3.6,2.6,0,100.0,6.2,0,2,1,2,2,1,57.1
193,23,1,4.6,0.9,1.9,0,86.0,4.8,1,4,2,1,6,0,81.3
388,17,1,4.6,3.7,0.6,0,87.0,5.9,1,3,1,0,4,1,73.2
852,21,1,2.3,1.0,0.7,0,67.5,5.2,1,6,0,1,9,0,72.5
169,22,1,4.4,3.5,2.7,1,87.0,7.8,0,2,0,1,1,0,62.4
705,21,0,1.0,2.1,1.0,0,79.4,8.7,0,1,0,0,8,1,52.6
140,24,1,2.5,3.8,2.2,0,85.4,5.0,1,6,1,1,8,0,63.4
173,20,0,5.7,2.1,2.4,0,85.8,5.6,0,3,2,1,4,1,83.8
6,21,0,5.6,1.5,1.4,1,85.8,6.5,1,2,2,2,4,0,89.8
745,18,0,4.2,3.4,1.4,0,81.6,6.8,1,2,2,0,4,0,74.0
478,17,0,6.6,1.3,1.7,0,77.9,6.9,1,5,1,1,3,1,97.7
73,18,0,7.4,3.6,3.9,0,83.6,5.5,0,3,1,0,7,1,97.7
910,19,1,4.9,1.0,2.4,0,100.0,6.6,0,1,1,0,10,0,89.2
813,20,0,3.8,4.9,1.9,0,75.2,6.3,2,5,1,0,6,0,65.5
238,19,1,5.3,2.7,4.3,0,90.5,6.9,0,1,0,2,4,1,74.2
145,23,0,2.2,6.2,3.0,0,86.4,6.9,1,1,1,1,4,0,46.7
792,21,0,2.1,3.1,4.2,0,86.4,5.2,0,1,0,2,9,1,50.1
234,20,1,3.0,2.4,4.0,0,88.1,5.4,2,5,1,1,5,0,62.9
220,19,0,4.5,1.3,4.2,0,86.4,6.3,0,0,1,0,10,0,82.1
923,23,1,0.1,1.2,0.0,0,78.7,7.6,2,5,1,1,9,0,53.4
500,23,1,5.5,1.1,1.4,0,84.4,4.9,0,0,0,1,6,0,84.5
132,17,0,3.5,2.6,3.2,1,84.8,7.5,0,5,0,0,5,1,74.0
990,18,1,3.2,3.5,1.7,0,91.7,6.5,1,1,2,1,5,0,63.6
774,18,0,7.5,3.6,1.9,1,85.9,7.8,0,6,0,0,3,0,100.0
185,21,0,1.3,3.8,3.6,1,80.6,6.7,0,5,0,1,5,0,40.4
41,23,0,2.9,2.3,2.3,0,86.2,7.2,1,6,0,0,1,0,66.0
696,23,2,5.6,1.6,0.3,0,86.5,6.0,0,5,2,1,6,0,100.0
108,22,0,2.4,1.9,2.1,0,93.3,6.6,2,4,1,0,9,1,60.0
588,20,2,3.8,3.0,3.4,0,76.4,7.8,0,1,1,0,2,0,61.5
56,24,1,2.5,2.0,0.0,0,83.9,5.3,1,6,0,0,8,0,66.7
405,20,0,3.1,2.0,1.9,0,89.3,6.4,1,2,1,1,10,1,65.4
442,17,0,2.5,1.7,4.1,0,91.1,7.6,2,5,1,0,7,0,65.0
757,19,0,2.6,3.3,2.4,0,74.5,7.1,0,0,2,1,3,1,44.5
997,20,1,3.0,2.6,1.3,0,61.9,6.5,1,5,0,1,9,1,64.4
24,20,0,2.0,0.0,0.9,1,81.8,5.5,0,4,0,0,2,0,54.9
467,17,1,5.4,3.3,2.6,0,85.9,7.1,0,6,1,1,8,0,98.1
539,18,1,3.8,4.1,1.6,0,100.0,7.2,1,4,1,1,6,1,81.0
531,24,0,2.8,2.2,2.7,0,87.5,5.9,1,0,1,1,1,1,47.4
618,23,1,2.9,2.4,0.0,0,84.4,6.2,1,0,0,0,1,1,61.4
694,18,1,5.0,4.0,1.4,0,77.6,4.6,0,6,1,2,10,0,88.6
926,21,1,2.7,2.4,2.7,0,81.7,8.8,0,5,1,1,4,1,58.8
338,20,0,5.0,3.4,1.6,1,80.9,6.0,1,2,0,0,1,1,67.7
51,22,0,2.5,3.2,0.5,0,85.7,6.5,2,0,1,0,5,0,59.7
507,19,0,2.7,1.0,2.4,0,79.6,7.6,0,1,1,2,1,0,57.3
516,24,1,5.3,2.9,1.9,0,100.0,5.2,1,3,0,2,5,1,80.9
920,21,1,3.5,3.9,2.5,1,62.8,6.7,1,3,1,1,10,0,74.5
781,19,0,2.9,1.9,3.2,0,82.4,6.4,0,4,0,1,6,0,66.9
264,19,1,1.9,0.7,0.0,0,81.7,5.8,1,1,2,2,4,0,51.5
817,19,0,4.9,1.5,3.4,0,71.4,6.9,1,6,1,1,7,1,88.2
710,23,1,1.8,1.7,0.3,0,78.9,7.2,0,5,1,1,1,0,58.1
682,23,0,2.7,4.3,2.9,0,88.9,4.8,2,4,1,0,8,0,53.4
832,19,1,5.3,2.6,0.0,1,87.1,8.5,0,5,1,0,9,1,98.4
518,24,0,5.0,2.6,3.1,0,94.8,4.7,2,0,0,1,5,0,79.6
447,22,0,5.9,0.0,3.0,0,100.0,6.3,0,2,1,1,1,1,93.6
18,24,2,2.0,4.9,2.9,1,88.3,7.1,1,2,1,1,5,0,43.9
715,24,1,5.6,1.4,3.1,0,85.8,6.1,1,0,2,1,10,0,91.3
483,22,1,4.2,1.7,1.8,0,73.2,6.2,0,3,0,2,2,0,76.0
568,23,1,4.1,1.6,0.5,0,80.2,7.8,2,5,1,2,7,1,89.8
433,24,0,4.9,2.6,0.2,0,100.0,6.0,1,1,0,0,3,1,89.3
367,18,1,5.8,3.2,4.1,0,90.5,7.9,2,6,0,1,8,0,99.3
83,24,1,2.0,0.6,3.0,0,89.0,7.7,2,6,1,1,2,1,50.5
61,23,1,4.0,1.7,2.6,0,100.0,5.0,0,4,0,1,5,0,75.0
638,18,0,5.1,2.1,0.7,1,75.2,6.7,0,1,2,1,10,1,99.4
272,24,1,4.8,2.5,2.4,1,74.7,6.4,1,6,1,1,1,0,76.2
285,19,0,2.5,2.8,0.5,1,85.1,6.5,2,0,1,2,6,1,60.6
360,20,0,5.3,2.7,2.4,1,85.8,5.4,1,4,1,1,6,0,81.0
354,24,1,3.4,2.3,2.3,0,100.0,6.2,1,1,1,1,1,0,47.6
456,22,0,3.9,1.6,0.7,1,86.0,4.6,1,5,2,2,1,0,68.7
278,17,0,4.2,2.0,0.4,0,88.6,5.4,0,2,2,1,8,1,93.9
12,19,0,3.7,2.1,0.4,1,81.1,4.5,0,1,0,1,9,0,76.9
182,22,1,4.2,3.1,0.7,0,69.2,7.2,1,1,2,2,10,0,79.9
368,19,0,2.8,5.0,0.0,1,82.4,4.2,0,3,0,1,8,0,71.0
881,22,1,2.9,2.7,2.6,1,86.8,4.7,0,3,2,0,1,0,45.5
615,19,0,1.5,2.2,2.3,0,89.1,7.9,0,0,0,0,1,0,43.7
223,20,0,2.6,2.4,2.9,0,73.7,4.6,0,4,2,0,1,0,41.9
572,17,1,3.5,3.2,0.0,0,82.7,5.0,1,4,1,1,3,0,60.4
970,24,0,4.2,2.4,1.5,0,83.2,5.1,0,3,0,0,9,1,85.9
653,21,0,4.8,2.1,1.9,0,100.0,6.8,0,1,1,1,8,0,82.6
545,24,0,3.1,3.8,2.1,0,89.5,4.1,0,5,2,0,4,1,54.1
582,20,1,3.6,2.6,2.2,0,72.6,3.3,0,1,1,1,8,0,61.0
633,17,1,4.5,1.4,1.5,0,75.0,8.0,1,2,2,1,2,1,83.7
176,19,1,2.6,3.1,0.3,0,84.6,7.1,1,6,1,0,5,1,77.5
665,21,0,4.2,4.5,3.1,0,84.0,6.6,1,2,1,0,9,0,75.3
673,22,1,3.9,2.2,0.2,0,85.4,6.7,2,3,2,0,6,1,84.9
585,23,1,3.9,2.1,1.6,0,78.4,6.4,1,3,1,1,1,0,62.8
873,17,0,4.3,1.3,0.0,0,82.7,4.9,0,1,1,1,7,0,84.9
393,24,1,2.3,3.0,4.6,0,67.5,6.6,0,3,0,0,9,0,51.8
163,20,1,4.2,4.5,2.1,0,85.7,5.6,2,2,2,1,5,0,70.6
248,17,0,3.0,3.5,1.6,0,95.4,6.4,0,3,1,1,3,0,54.1
634,18,0,3.8,2.5,1.8,0,85.0,6.3,2,5,1,0,8,0,76.8
885,21,1,5.2,0.0,1.3,0,87.7,8.7,0,6,1,2,8,0,100.0
669,23,1,3.5,2.1,2.3,0,87.2,4.5,1,1,0,1,9,0,69.9
375,20,1,1.1,2.1,3.6,1,97.3,8.0,0,6,0,0,1,1,50.3
412,22,0,3.9,2.1,2.2,0,65.0,5.1,1,2,1,0,9,0,73.7
74,21,0,2.3,1.0,0.4,0,100.0,6.4,0,6,1,1,1,0,66.9
113,22,1,3.0,2.5,2.6,0,83.1,5.5,0,0,0,0,4,0,51.3
598,20,0,5.9,1.1,2.1,1,83.4,5.7,2,2,2,0,2,1,86.4
961,17,0,4.7,1.8,1.6,0,95.8,5.1,1,2,2,1,10,0,81.1
390,19,0,3.3,0.6,1.2,1,79.8,5.9,1,2,1,1,10,0,73.0
104,18,1,3.8,3.3,2.5,0,90.0,7.6,1,5,0,1,7,0,74.3
114,23,0,5.3,1.2,0.8,0,92.3,8.2,0,2,1,0,1,0,83.3
417,18,0,5.2,3.7,1.1,0,96.6,7.4,0,2,0,0,9,1,100.0
525,23,1,5.3,2.9,0.9,0,91.6,5.0,1,4,1,2,4,0,84.1
457,24,1,2.4,2.6,1.5,0,86.5,5.7,1,3,1,1,4,0,58.9
409,22,1,2.7,2.2,2.8,0,100.0,6.6,0,2,1,0,3,0,53.0
92,18,1,0.5,0.8,2.5,1,97.9,4.1,2,4,1,1,3,0,43.9
930,23,1,4.0,0.3,0.6,0,78.4,7.8,1,1,2,1,7,0,89.5
89,18,1,1.2,3.6,0.0,0,72.7,6.6,2,4,1,0,4,1,41.1
336,21,0,6.6,2.2,2.7,0,73.0,6.4,1,2,0,2,8,1,100.0
988,18,1,3.3,2.4,1.2,0,67.5,4.1,0,4,0,0,8,1,72.5
921,23,0,4.4,2.7,1.0,0,79.8,6.1,0,6,1,0,3,0,85.4
933,17,0,1.8,3.0,2.0,0,81.1,4.9,1,1,1,0,10,0,47.5
605,19,1,2.2,3.5,1.8,0,100.0,3.3,1,6,0,1,8,0,67.6
593,20,0,0.8,2.3,1.3,1,83.9,5.5,2,3,0,1,6,0,34.7
611,18,1,6.0,1.6,1.3,0,89.7,5.5,0,6,1,2,7,0,100.0
94,22,0,5.3,1.0,2.2,0,72.6,4.5,0,0,1,0,8,0,81.3
11,23,1,3.9,2.4,2.5,0,71.7,7.9,0,2,0,0,1,0,74.4
396,24,1,4.9,0.0,2.5,1,87.6,6.0,0,5,2,0,1,0,97.2
533,17,1,1.5,2.3,3.0,0,86.2,5.7,0,1,1,1,10,0,54.2
43,24,0,4.3,0.9,3.2,0,62.8,7.1,2,0,0,1,2,0,65.7
42,18,1,3.7,3.4,2.0,0,88.9,6.8,0,3,1,2,1,1,63.5
329,24,1,5.4,0.2,0.0,0,76.8,6.7,0,4,0,0,8,0,100.0
167,23,1,3.3,2.0,1.2,1,85.8,6.9,2,0,1,1,7,0,72.2
497,20,1,5.5,3.6,0.0,0,81.5,4.9,0,1,1,0,5,0,80.3
876,18,1,4.1,2.1,2.4,0,87.2,5.5,0,4,1,1,10,0,83.1
597,23,1,4.9,1.6,4.0,0,87.1,8.0,0,5,0,2,7,0,95.5
756,18,1,2.3,2.3,1.7,0,88.3,6.2,1,4,0,1,4,0,58.5
100,23,1,4.3,3.0,1.5,0,100.0,7.5,1,5,1,0,10,1,93.2
426,17,1,3.8,0.9,1.0,0,85.6,5.9,1,5,0,1,8,0,80.9
178,17,2,2.9,2.5,2.4,1,83.7,6.3,2,5,1,1,9,0,65.2
444,20,1,2.8,1.8,2.7,0,79.1,9.0,2,4,2,0,1,1,64.9
416,21,1,1.1,4.3,0.9,0,86.7,4.9,0,3,1,0,9,0,49.9
870,21,2,4.7,0.0,2.7,1,62.0,5.4,1,1,1,1,3,0,67.5
882,19,2,2.7,1.8,0.0,0,72.5,6.5,0,4,0,2,7,0,68.2
680,24,2,3.3,2.9,1.1,0,83.3,7.8,2,6,1,1,4,0,70.4
177,19,1,3.0,2.6,1.6,0,71.0,5.5,0,0,2,0,7,1,55.0
395,20,1,4.1,3.1,1.8,0,82.5,4.9,0,4,1,1,8,0,77.8
911,21,1,5.4,4.5,1.0,0,75.1,7.1,0,2,1,1,4,0,83.9
793,20,0,2.5,4.3,2.4,0,84.5,8.6,0,3,2,1,3,0,49.4
960,17,1,7.1,1.9,1.1,1,69.3,5.6,1,6,1,0,6,0,100.0
684,17,1,3.7,2.8,3.6,0,81.8,3.6,0,3,0,1,4,1,59.8
383,21,1,2.8,2.1,0.6,0,90.4,6.4,1,2,1,2,9,1,71.0
956,20,0,3.2,2.3,1.5,0,71.0,5.0,1,6,1,1,3,0,59.6
751,21,0,6.8,2.9,2.0,0,80.0,5.4,0,0,1,0,7,0,96.2
257,22,0,3.9,2.9,2.0,0,79.1,7.6,0,3,2,1,7,0,71.0
538,21,1,4.3,3.2,2.8,0,83.3,4.3,2,2,1,2,6,0,67.5
335,24,1,6.5,3.5,3.9,0,100.0,7.4,2,5,1,0,7,1,100.0
15,21,1,3.1,5.0,1.0,0,97.5,6.5,1,6,1,0,7,0,74.0
324,22,0,3.8,1.8,0.7,0,97.5,8.2,0,5,0,0,2,0,84.2
758,17,1,3.2,2.6,2.8,0,100.0,7.1,0,1,1,1,10,1,75.4
222,22,1,6.7,2.9,2.0,0,83.2,6.6,1,6,0,0,5,0,100.0
179,19,0,3.8,1.7,3.8,0,90.2,5.3,1,2,1,0,4,0,58.1
983,21,1,3.9,1.8,2.1,0,74.0,6.5,2,2,2,0,2,0,64.4
22,18,2,4.9,2.3,0.6,0,84.5,6.0,0,3,1,0,7,0,98.7
356,18,1,5.8,2.6,0.9,1,70.0,7.1,1,6,1,0,8,0,100.0
666,22,0,1.9,4.0,0.5,1,82.9,7.6,1,2,1,0,9,1,50.4
861,17,1,3.9,1.9,0.2,0,82.4,8.4,0,4,0,2,9,1,93.5
340,19,1,4.7,3.2,3.1,1,70.3,7.6,0,5,0,1,2,0,80.3
431,22,0,0.0,2.0,2.5,0,82.0,3.7,2,4,0,0,2,0,29.9
551,20,0,3.3,4.3,0.4,1,89.3,4.8,2,1,1,0,5,0,67.0
833,20,2,4.6,2.2,2.6,0,68.8,5.7,2,6,0,1,2,0,78.5
203,17,1,2.0,3.8,0.3,0,78.4,7.6,0,6,2,2,5,0,58.5
630,17,0,0.7,3.2,2.4,0,95.9,8.3,1,1,2,0,10,1,50.3
93,22,1,4.1,2.5,3.0,0,85.1,5.8,1,4,1,1,5,0,70.2
558,24,1,4.6,1.8,1.6,0,89.3,5.3,0,0,1,0,1,1,60.1
68,20,0,4.9,0.3,2.7,1,92.3,6.2,1,0,0,2,6,0,82.1
622,23,0,1.2,1.1,0.7,0,84.7,7.3,0,0,0,0,2,1,35.6
284,18,1,4.1,1.9,2.6,0,100.0,7.9,0,6,0,1,8,0,91.9
844,21,0,0.7,3.2,0.3,1,72.7,7.9,0,2,1,1,7,1,47.2
434,20,1,0.0,3.5,3.2,0,72.6,6.2,0,3,1,1,2,0,26.2
153,19,0,4.3,3.1,0.7,0,77.9,6.5,1,0,1,0,6,0,81.4
75,18,0,6.0,3.4,2.0,1,92.3,7.0,0,0,0,1,9,1,99.9
730,19,0,4.3,2.7,2.6,1,91.9,5.0,1,3,0,1,1,0,58.4
446,19,1,3.7,1.8,0.9,1,75.9,5.9,0,1,1,0,1,0,56.3
188,23,0,1.4,3.3,2.5,0,91.9,8.3,0,3,1,2,4,1,46.5
271,24,0,4.7,1.3,3.3,1,79.9,6.7,1,1,2,1,1,0,73.6
236,22,1,1.5,1.4,2.4,0,80.9,6.0,1,3,1,1,5,0,46.2
487,20,1,5.0,0.8,2.0,0,84.1,6.7,0,6,0,0,6,1,94.6
117,22,1,4.1,1.1,1.9,0,82.3,7.5,1,1,1,1,8,0,80.8
943,21,1,5.2,3.8,2.8,0,88.2,4.5,1,2,1,2,3,0,72.0
512,23,0,2.9,2.8,0.5,0,88.2,3.8,1,5,1,2,2,1,61.6
825,20,1,4.3,1.3,0.0,1,90.2,6.3,1,0,1,0,7,0,90.4
591,24,0,4.5,4.4,2.2,0,85.1,6.5,0,4,1,1,1,0,64.0
126,18,1,0.7,3.4,1.4,1,81.6,6.1,2,1,1,2,8,0,42.4
116,17,1,7.0,3.3,3.1,0,88.4,6.1,1,5,1,0,6,1,94.8
473,20,1,5.0,2.9,2.6,0,96.2,6.7,2,6,1,0,5,0,80.6
693,20,0,4.9,2.8,0.6,0,88.7,7.0,0,5,1,0,6,0,88.7
57,17,1,3.9,2.4,1.2,0,90.7,7.1,1,1,0,0,7,1,75.2
863,18,0,1.5,3.9,2.7,0,78.5,8.0,1,0,1,2,8,1,42.3
912,21,1,3.6,2.7,0.1,0,75.8,9.5,2,6,1,0,9,0,89.1
369,23,0,1.8,1.1,0.6,1,95.8,7.7,2,6,0,0,5,0,70.9
268,23,1,3.2,3.8,2.3,0,100.0,5.1,0,3,0,2,9,0,76.1
46,24,1,2.4,4.3,1.0,0,87.9,8.9,2,5,1,0,9,1,71.0
349,23,0,5.7,0.9,1.2,0,89.2,5.8,2,5,0,0,7,0,100.0
195,18,0,0.0,2.8,1.6,0,93.4,5.8,0,0,0,1,5,0,26.7
999,19,0,4.3,2.9,1.9,0,89.4,7.1,1,2,0,0,8,0,74.9
834,17,2,4.0,1.4,0.0,1,100.0,6.5,0,2,1,2,6,1,81.1
736,20,0,3.1,0.0,3.3,0,78.6,6.9,0,0,0,0,6,0,72.8
263,17,0,2.2,2.4,2.3,1,94.3,6.1,2,5,0,0,6,0,62.7
443,24,0,2.3,1.1,1.8,1,79.4,6.6,0,3,2,1,6,0,66.8
675,21,0,4.0,2.1,1.4,0,100.0,7.7,0,1,0,1,6,0,82.2
304,18,1,2.6,3.5,2.0,0,84.0,6.2,1,0,0,0,1,0,39.6
341,20,0,2.7,3.7,1.1,0,72.4,6.3,0,0,1,0,3,0,44.3
966,21,2,1.7,0.2,0.8,0,83.5,7.0,2,1,1,1,8,1,56.4
149,24,0,4.2,3.6,1.8,1,100.0,6.1,0,3,1,2,5,0,75.4
124,21,0,2.3,1.9,0.1,0,81.9,6.6,0,2,0,0,4,0,61.7
786,23,1,4.1,2.6,2.4,0,77.3,6.9,1,2,0,0,9,0,85.3
50,23,0,1.6,1.0,3.1,0,82.8,5.5,0,4,2,1,10,1,62.0
353,24,0,0.7,2.2,0.0,0,94.1,6.1,0,2,1,1,6,0,48.7
927,20,0,3.3,4.0,1.9,0,67.1,6.8,1,0,0,1,2,0,43.5
142,20,1,3.2,2.0,2.0,0,88.3,4.9,0,4,0,2,4,1,65.4
470,21,0,4.2,2.9,2.5,0,69.7,6.4,0,1,1,1,1,0,60.4
399,17,1,3.1,3.6,0.4,0,80.0,6.6,2,3,0,1,3,1,59.6
625,18,0,1.3,2.1,1.2,0,84.7,8.1,2,5,1,1,2,1,46.6
320,24,0,4.6,1.8,1.5,0,80.9,8.2,0,5,1,2,9,1,94.2
19,19,1,1.8,2.5,2.4,0,71.1,7.5,0,1,1,0,2,0,45.3
809,21,0,5.2,2.8,3.2,0,88.7,5.4,1,0,0,1,7,1,89.5
790,22,1,0.8,3.9,2.4,0,62.9,5.5,0,0,2,1,5,0,31.5
808,22,1,3.2,0.3,4.0,1,67.3,5.3,1,3,1,1,1,0,43.9
407,24,1,4.3,3.3,3.0,0,79.4,6.3,0,5,1,2,6,1,67.3
537,23,0,2.5,0.9,2.2,1,80.0,3.6,1,5,0,0,8,0,58.9
620,20,0,1.4,3.5,1.6,0,85.8,6.4,0,2,1,0,1,0,39.8
38,17,1,3.8,1.7,1.4,0,70.3,7.0,2,0,0,1,1,0,58.1
175,22,2,3.0,3.2,0.3,0,100.0,5.0,1,3,2,1,7,0,65.3
245,22,0,2.4,4.1,0.0,0,80.5,6.1,0,1,0,0,3,1,47.9
828,23,0,2.5,1.1,3.9,0,86.1,4.0,0,6,0,1,8,0,58.2
667,20,0,5.6,2.4,2.3,0,94.7,7.0,0,6,1,0,10,1,100.0
754,18,0,0.8,3.3,0.2,0,85.7,7.1,1,4,0,2,9,0,51.8
858,18,1,4.5,2.0,1.2,1,82.2,6.3,0,5,1,1,5,1,84.4
154,21,1,3.5,3.3,1.4,0,66.8,7.4,0,1,0,1,3,0,65.0
287,21,1,4.4,2.2,0.9,0,75.7,8.8,1,6,1,2,4,1,84.2
602,20,0,3.6,3.6,0.9,0,72.7,5.9,2,2,1,0,10,1,72.9
569,23,1,6.3,1.9,0.0,0,93.4,6.2,0,6,1,1,3,1,100.0
743,21,0,4.1,2.9,0.8,1,80.0,5.8,1,6,1,1,2,1,76.4
17,24,0,3.4,2.7,1.2,0,94.7,7.5,2,0,1,0,1,1,70.8
127,17,0,4.3,2.2,1.6,0,71.6,9.4,1,5,0,1,7,0,88.0
322,20,1,6.1,4.9,1.4,0,68.7,5.3,1,0,0,1,10,0,96.1
255,19,0,4.9,2.8,1.6,0,84.6,5.2,1,4,1,0,7,0,85.0
657,19,0,2.4,2.9,1.7,0,88.8,5.8,0,1,0,0,9,1,67.4
964,23,2,3.5,2.3,2.1,0,84.3,7.6,1,5,1,2,10,1,89.1
190,23,1,1.7,3.8,1.2,0,82.3,7.9,2,6,2,1,5,0,55.4
115,20,0,3.7,1.2,3.3,0,88.5,7.7,2,5,1,1,9,0,82.7
616,17,1,2.6,2.2,0.0,0,83.3,7.0,0,1,0,1,10,0,79.3
606,23,1,6.8,2.5,0.7,0,97.2,4.4,1,1,0,2,4,0,93.1
180,21,0,3.7,3.3,2.6,1,100.0,7.5,0,5,1,1,5,0,69.2
301,17,1,1.7,3.4,3.9,1,97.0,6.6,1,3,1,0,6,0,41.7
759,23,0,2.8,4.1,1.7,1,90.2,5.2,0,1,0,0,6,1,54.9
712,17,1,3.0,0.0,0.6,1,99.5,7.8,0,4,0,0,10,0,98.7
723,17,0,2.6,3.0,0.8,0,78.3,6.9,1,4,0,0,2,0,53.2
685,22,0,2.0,1.2,2.7,0,67.2,6.7,2,6,0,0,8,0,55.4
979,22,1,1.3,2.2,1.8,0,76.1,5.0,1,6,1,2,10,0,53.4
517,22,0,5.8,0.6,1.6,0,73.9,5.8,0,6,0,1,6,0,100.0
984,24,1,3.2,3.0,0.1,0,97.5,6.8,0,6,1,0,7,0,82.4
45,20,1,3.6,3.1,1.1,0,93.9,8.4,0,1,0,0,5,1,75.1
909,22,0,4.9,3.3,3.0,0,79.5,7.0,0,5,0,0,1,0,71.8
157,18,1,3.0,1.8,0.7,0,100.0,5.5,2,4,0,2,3,0,56.7
851,18,0,2.4,4.1,0.3,0,100.0,5.1,2,5,0,1,8,0,67.4
171,21,0,5.3,2.4,0.1,0,85.5,5.5,1,0,0,1,3,1,85.8
16,20,1,1.0,0.6,0.2,0,92.9,5.6,2,3,1,2,8,1,55.2
511,18,2,2.9,3.2,2.8,0,100.0,5.9,0,5,1,0,2,0,63.0
48,22,0,1.4,2.1,2.8,0,90.6,8.4,0,3,0,1,6,0,52.6
971,23,0,3.5,2.5,1.8,0,56.0,6.1,1,5,1,0,6,0,64.5
940,20,2,4.1,1.7,0.1,1,68.8,7.2,1,0,2,0,4,0,67.5
515,19,0,3.0,0.1,1.9,0,86.1,7.7,1,6,1,2,6,1,82.5
952,21,0,3.6,2.1,3.5,1,62.3,5.7,2,1,1,0,9,0,65.6
480,20,1,3.5,4.7,1.3,1,81.2,5.0,1,5,1,1,1,0,55.9
283,23,1,1.6,3.3,3.5,1,73.0,8.1,1,6,1,1,1,0,47.1
718,24,0,1.0,2.9,0.1,0,76.2,5.8,2,4,0,1,6,0,49.9
877,18,0,2.7,2.7,1.6,0,76.6,4.0,1,0,1,0,3,0,36.9
225,18,0,3.9,1.6,1.2,0,64.3,7.5,1,0,2,0,9,1,74.3
26,22,1,2.0,0.8,0.5,0,83.8,6.5,1,4,0,2,4,0,73.5
954,19,1,4.6,3.0,3.6,0,82.7,7.7,1,5,2,1,1,1,66.0
437,24,0,6.6,2.8,2.9,0,84.3,8.0,1,1,1,1,8,0,100.0
951,20,0,3.3,2.2,0.9,0,76.7,8.7,1,5,0,2,10,0,94.0
364,23,1,2.9,3.6,1.2,0,82.9,6.2,0,1,1,0,2,0,45.9
229,21,1,2.4,3.7,2.0,0,94.7,5.8,1,4,1,1,3,1,52.4
37,17,1,4.3,2.5,0.0,1,64.1,3.9,1,0,1,0,2,0,59.4
965,17,1,4.3,3.4,0.6,0,59.8,6.6,0,5,2,0,6,1,77.3
374,17,1,2.8,2.0,4.1,1,82.3,6.3,0,4,1,1,6,0,57.3
469,20,1,4.8,1.9,1.1,0,85.1,8.1,0,1,0,1,8,1,96.1
967,22,1,5.2,4.1,3.8,0,95.6,5.9,0,0,1,1,6,0,76.1
850,23,0,1.1,2.4,1.8,0,83.9,7.7,1,5,1,0,4,1,49.2
704,21,0,5.5,3.0,1.4,0,92.9,5.2,0,6,1,1,2,1,76.3
841,24,1,3.3,1.5,1.8,1,81.4,6.9,0,5,1,0,6,0,62.6
194,23,1,2.6,4.0,1.1,0,89.4,6.9,1,0,1,1,10,0,66.6
854,23,0,4.7,1.8,1.7,0,68.7,6.4,0,2,1,0,5,0,70.0
864,20,0,0.0,0.3,1.1,1,88.0,5.4,0,1,1,0,10,1,53.3
503,24,0,2.6,1.4,2.1,1,84.4,7.1,0,0,1,0,7,0,63.0
969,19,0,4.6,2.0,3.6,1,81.1,6.8,0,5,0,0,4,0,83.0
830,21,0,4.7,4.3,0.0,0,91.3,9.1,1,5,0,1,5,0,83.5
579,18,0,6.1,3.5,0.3,1,69.8,5.7,1,3,1,0,9,1,100.0
968,22,0,4.6,2.6,1.0,0,76.1,6.1,1,3,1,0,4,0,74.6
162,24,0,3.4,3.0,0.1,0,77.3,6.8,0,5,2,0,7,0,83.8
908,23,0,5.6,2.8,0.5,1,92.2,9.4,0,4,0,1,8,0,100.0
152,17,0,5.6,2.8,4.1,0,85.8,6.8,1,4,1,1,7,0,90.3
801,22,0,3.9,1.8,3.9,0,99.1,6.9,0,1,2,1,4,0,65.5
993,20,1,3.8,2.1,1.0,0,89.0,5.2,1,1,1,1,7,0,70.9
755,22,1,2.7,4.7,1.7,1,67.5,5.7,2,2,2,1,9,0,59.3
111,23,0,4.4,1.9,0.8,0,84.8,8.3,1,1,1,0,3,0,76.9
226,21,1,5.5,2.2,0.9,1,84.1,5.0,0,3,0,1,1,0,88.7
688,23,1,5.0,1.8,1.6,0,100.0,5.7,1,6,1,2,7,0,92.9
103,20,1,2.1,1.2,3.1,0,88.8,7.5,1,4,2,0,3,0,50.4
421,18,0,5.2,3.0,3.3,0,76.0,4.6,1,3,1,2,10,1,87.1
419,22,1,2.3,4.6,0.6,0,93.9,6.2,1,6,2,1,5,0,58.7
750,24,0,6.1,1.9,0.2,0,97.6,5.9,2,6,0,2,6,0,98.5
586,22,0,5.0,2.8,0.0,1,92.5,6.1,0,3,1,2,7,1,83.5
780,17,0,4.0,3.7,2.2,0,89.5,7.8,2,0,1,0,10,1,89.4
672,22,0,4.9,4.4,2.9,0,94.0,5.6,0,2,0,1,3,0,69.4
119,21,0,3.0,3.1,2.4,1,73.8,8.3,0,4,1,0,7,0,66.3
53,20,0,4.8,2.0,3.5,0,100.0,6.0,1,0,0,1,7,1,70.6
151,19,0,4.7,4.7,2.3,0,90.1,4.6,1,1,1,1,6,0,69.7
403,17,0,4.8,2.8,3.1,0,92.7,6.4,0,1,1,1,6,0,74.9
945,23,1,6.0,2.9,2.1,1,98.9,6.4,2,0,1,0,7,0,100.0
207,20,0,2.1,0.5,2.0,0,80.9,7.3,2,3,0,1,6,1,62.3
658,20,0,3.2,3.0,1.4,1,96.2,4.3,1,3,2,1,8,0,74.8
843,23,0,3.0,4.8,2.3,1,92.0,6.3,0,4,2,2,3,0,60.6
762,21,1,1.9,2.3,1.4,0,84.0,5.1,0,4,1,2,4,0,51.8
8,23,0,4.4,2.2,1.7,0,100.0,7.1,1,3,0,1,1,0,78.9
807,17,0,3.3,1.8,0.0,0,70.3,4.7,2,2,1,0,7,1,65.2
36,20,0,3.5,3.0,2.6,0,74.9,7.3,0,3,1,1,4,0,70.7
452,22,1,4.8,2.3,1.6,1,71.7,7.5,1,4,0,1,6,0,89.3
651,24,0,3.7,1.7,2.3,1,57.6,6.2,1,0,2,0,7,0,75.7
253,21,1,6.7,1.4,0.9,0,100.0,8.0,0,4,0,1,2,0,93.8
303,22,0,2.2,1.0,2.9,0,93.4,6.9,1,6,1,1,6,0,63.7
746,19,1,1.1,2.0,3.3,0,74.9,7.4,1,3,0,1,7,0,42.6
571,19,1,3.0,4.5,0.9,0,59.7,7.1,0,1,2,1,4,1,51.5
623,18,0,4.6,1.2,0.5,0,92.8,8.2,1,4,2,1,4,0,93.0
732,17,1,2.8,3.4,0.9,0,67.7,7.0,2,3,2,0,9,0,62.6
891,23,1,2.2,1.6,2.0,1,85.3,6.5,1,5,1,0,4,1,65.6
262,21,1,3.0,2.2,2.3,0,76.5,6.1,2,2,2,0,3,0,49.1
610,21,0,3.6,2.3,2.9,0,100.0,4.6,0,2,2,1,3,0,69.6
297,23,0,4.1,2.8,1.4,0,82.4,3.5,1,2,2,0,3,0,60.1
414,19,0,4.2,5.6,0.4,0,91.1,9.8,2,0,0,2,5,1,78.7
150,19,1,3.5,2.1,0.5,1,84.8,6.1,1,4,0,0,2,0,64.2
788,24,1,5.2,2.3,1.5,0,80.5,5.9,0,6,2,2,3,0,82.8
640,22,0,6.4,2.7,0.3,1,78.3,5.8,1,0,1,0,7,0,98.0
889,17,1,3.7,3.9,2.2,1,68.3,5.8,0,0,1,1,8,0,66.6
550,17,0,5.2,1.5,0.2,1,86.3,6.2,1,5,1,0,7,0,97.9
886,17,0,3.5,3.9,2.6,0,73.9,5.5,0,4,1,1,2,1,65.6
488,17,1,5.3,2.5,2.7,1,83.2,5.8,1,3,0,0,6,1,93.4
147,19,0,3.5,2.3,2.2,0,74.3,6.7,0,3,0,2,5,1,78.1
146,19,0,3.5,3.2,2.4,0,85.8,8.0,2,2,0,1,9,0,75.5
720,18,0,4.9,0.0,2.1,1,95.1,5.0,1,3,0,0,5,0,94.2
931,20,0,4.0,3.4,3.4,1,78.0,5.5,2,3,0,0,7,1,68.8
739,20,1,3.1,2.8,2.2,0,85.2,7.4,2,6,0,1,9,1,74.1
659,18,1,2.0,0.2,0.5,0,67.6,8.1,1,4,0,0,10,1,73.6
348,24,0,3.6,0.9,2.4,0,100.0,5.8,2,2,0,0,3,0,72.3
463,17,1,2.5,4.2,1.9,1,88.1,4.8,0,1,2,1,1,0,44.5
325,22,0,4.9,3.5,1.2,0,77.2,7.4,1,0,1,1,4,0,75.4
186,18,0,0.0,1.9,1.5,0,82.4,5.6,0,3,0,0,8,0,55.2
123,23,0,4.9,1.3,2.8,0,80.8,7.2,1,1,0,0,4,0,77.0
853,19,0,2.1,0.8,2.0,0,85.9,7.3,1,6,2,1,10,1,68.4
608,20,0,3.7,1.9,2.5,0,81.3,6.6,0,2,0,1,5,1,61.1
143,24,1,2.4,2.8,0.7,0,99.8,8.1,0,3,1,1,2,0,62.0
958,18,1,0.0,3.8,1.3,1,89.5,5.7,1,5,1,0,5,0,31.1
197,20,0,4.1,2.7,0.0,0,89.5,6.5,0,0,2,0,9,1,87.1
609,24,1,4.3,2.3,1.2,0,68.3,6.1,2,5,1,2,5,0,77.4
279,18,0,4.6,0.6,2.1,0,90.0,4.5,2,1,1,1,8,0,85.9
293,18,0,7.4,1.6,1.2,0,94.6,5.7,0,5,0,1,10,1,100.0
400,24,1,3.5,1.3,2.1,0,79.9,7.3,0,0,0,1,2,0,60.4
122,18,1,4.6,3.9,0.0,0,83.6,9.7,2,3,1,1,2,0,84.8
183,19,0,5.3,1.9,3.2,0,93.2,6.1,0,1,1,0,4,1,85.7
202,23,1,3.7,0.7,0.0,0,78.1,6.6,0,1,1,0,9,0,85.1
438,23,1,3.5,3.9,2.2,0,89.3,6.3,0,2,2,0,5,1,66.8
246,17,1,1.4,0.9,2.6,1,83.0,4.4,2,3,0,1,8,0,51.0
415,17,1,3.4,1.2,2.1,1,88.8,5.3,0,4,1,0,4,1,68.3
932,17,0,4.4,2.4,1.7,0,78.5,5.9,0,0,0,0,5,0,76.8
765,19,1,2.1,2.8,1.4,1,82.8,6.3,2,1,2,0,3,0,44.1
906,18,0,0.0,4.6,2.0,1,70.1,8.7,0,3,0,0,10,0,43.4
835,20,0,5.1,2.6,1.8,0,83.4,6.5,0,6,1,0,10,0,100.0
887,22,1,3.5,2.1,4.9,0,97.0,7.2,1,5,1,2,9,0,75.9
129,20,1,0.3,4.2,1.5,0,83.0,6.2,1,1,1,0,3,1,26.8
637,23,0,2.3,0.4,2.0,0,81.3,5.9,0,6,1,1,1,1,70.3
402,19,1,0.0,1.4,0.0,0,81.5,6.7,1,5,1,1,8,1,50.1
784,18,1,4.4,2.9,1.3,0,80.7,7.2,0,5,1,1,10,0,91.3
770,21,0,1.7,3.5,2.5,0,94.7,6.0,1,5,0,1,10,0,53.0
735,19,1,2.9,7.2,2.9,1,85.5,5.7,0,1,1,1,6,0,50.1
913,18,1,3.8,4.5,1.6,1,79.3,5.3,1,3,1,1,4,0,53.5
219,23,0,6.2,2.8,1.0,0,84.9,7.0,0,5,2,1,4,0,100.0
641,22,1,3.4,5.7,0.0,0,86.9,5.3,1,6,0,2,6,0,74.7
915,22,0,3.0,4.7,1.9,0,80.3,5.6,0,0,1,0,8,0,61.0
752,18,1,4.5,1.6,2.9,1,72.3,4.4,1,3,1,1,4,1,71.3
806,24,0,3.2,2.9,2.1,0,85.2,4.6,1,1,0,1,2,1,40.3
919,24,0,2.8,2.2,1.5,0,67.0,8.5,1,3,1,1,7,1,74.7
624,21,0,3.6,1.9,2.3,0,74.5,6.1,1,5,0,0,8,1,83.2
874,18,1,5.1,2.6,0.9,0,96.0,7.0,0,0,2,0,10,0,96.6
760,20,1,0.5,1.6,3.8,1,81.0,7.7,1,4,1,0,3,1,30.2
386,19,0,2.0,0.8,2.6,0,95.8,6.0,1,0,1,2,4,0,45.2
972,17,0,4.5,0.4,3.0,0,100.0,5.5,0,3,1,1,8,0,91.9
509,18,0,4.3,3.3,2.2,0,82.8,5.4,2,6,1,0,3,0,64.6
267,24,0,1.8,2.4,3.3,1,92.7,8.7,0,3,0,1,10,0,53.3
819,17,1,4.1,2.7,0.6,0,74.6,3.6,0,0,0,1,3,0,67.3
441,24,0,5.6,3.2,1.0,0,62.5,6.6,0,4,0,0,8,0,82.7
496,19,0,3.8,1.2,1.8,0,86.1,4.7,1,6,1,0,7,0,73.9
112,24,0,1.9,1.7,2.8,0,96.2,4.9,0,1,0,2,6,1,43.9
691,22,0,6.2,3.5,2.3,0,94.5,8.2,0,5,0,1,8,0,100.0
232,20,0,6.5,0.7,1.7,0,77.3,6.3,1,4,2,0,3,0,100.0
869,22,1,2.8,2.5,2.7,1,86.4,6.3,0,4,2,0,10,0,74.6
607,24,0,3.2,3.0,3.2,0,83.0,6.3,2,3,0,0,8,1,57.5
671,22,2,3.8,1.4,1.2,0,81.2,6.7,1,2,1,0,3,1,70.4
373,24,1,3.3,1.4,0.4,0,75.2,6.5,2,0,0,1,7,1,72.9
981,24,1,3.6,0.0,3.6,0,66.3,9.6,0,3,0,0,2,0,66.2
842,17,0,2.3,2.0,1.8,0,85.3,7.5,0,1,0,0,10,0,71.4
233,20,0,3.7,1.7,1.7,0,73.7,7.0,0,3,2,2,10,1,80.8
785,17,0,2.9,1.1,2.8,0,100.0,7.8,2,3,1,0,8,0,68.4
676,20,0,1.8,4.8,3.2,0,95.4,5.0,1,4,0,1,5,0,37.4
317,17,1,4.1,4.2,0.0,0,70.2,6.9,1,1,1,0,8,1,80.4
648,24,0,1.1,3.6,2.5,0,96.7,8.4,1,3,1,1,10,1,54.6
410,19,0,4.7,2.5,1.5,0,82.3,6.0,0,6,1,0,1,0,78.0
898,23,0,3.9,1.1,2.9,0,86.8,7.0,0,1,2,0,10,0,75.7
709,24,2,2.9,4.0,2.9,0,67.6,8.7,2,4,1,1,5,1,56.4
358,17,0,2.0,2.2,3.2,0,98.2,5.1,1,5,1,0,5,0,56.3
258,24,0,5.8,3.0,0.4,0,66.5,3.2,0,2,1,0,8,0,90.8
744,19,0,3.3,0.7,3.6,0,75.5,6.1,2,3,1,1,3,1,52.6
627,22,1,2.4,0.9,0.8,0,92.5,8.3,0,2,0,0,9,0,78.3
632,21,1,3.3,2.0,2.1,0,87.7,6.8,2,1,0,2,9,1,75.4
282,22,1,3.8,0.9,2.0,1,79.9,6.2,0,1,1,1,10,0,79.7
376,20,0,4.3,3.7,2.5,0,76.9,5.0,2,3,1,1,4,0,65.7
384,21,0,2.6,5.4,3.3,0,87.2,8.0,1,1,1,2,9,0,59.8
224,18,0,4.6,2.5,3.0,0,87.7,6.7,0,5,0,2,6,0,72.7
953,20,0,2.0,1.0,0.1,0,81.5,6.4,0,5,1,0,7,0,61.7
814,20,1,3.5,3.6,2.2,0,84.5,7.6,0,3,1,0,7,0,75.1
472,19,0,2.5,2.7,1.5,0,82.9,6.0,2,3,0,0,3,0,56.1
347,20,2,4.9,4.0,1.7,0,91.0,7.7,0,0,2,0,3,0,77.0
505,17,0,3.5,0.9,0.4,0,78.7,6.3,0,3,1,0,5,1,72.9
639,24,0,3.5,2.9,0.7,0,65.4,7.9,2,3,1,1,2,0,62.9
987,20,0,2.3,1.6,1.7,1,85.8,5.6,0,1,1,0,9,0,56.2
928,22,0,2.8,0.2,3.1,0,79.3,6.5,1,5,1,0,2,0,65.6
905,18,1,2.6,2.9,1.1,1,73.0,5.8,1,5,0,2,1,1,53.9
619,19,1,2.5,3.1,1.7,0,70.5,4.8,1,1,1,1,4,0,45.1
855,21,0,3.2,3.7,1.2,0,59.9,6.0,0,6,1,1,2,0,56.1
803,17,0,4.5,1.2,2.6,0,86.0,5.3,1,0,0,1,6,1,76.3
645,21,0,1.1,0.4,2.4,1,95.2,6.8,1,2,1,0,1,1,46.3
846,18,1,3.5,3.1,0.0,0,89.6,6.6,0,3,0,1,5,1,75.5
556,24,0,4.0,3.3,5.4,0,81.2,7.6,0,6,0,2,6,0,79.0
957,17,0,2.0,1.6,0.0,0,69.8,7.0,1,5,1,0,4,0,49.1
577,22,0,1.9,2.9,1.6,1,87.6,6.1,0,4,0,1,1,1,44.4
795,23,1,5.6,4.6,1.1,0,85.4,5.4,1,5,1,2,6,1,89.7
85,19,1,1.7,2.6,2.6,0,77.6,7.0,1,4,0,1,6,0,53.5
242,20,0,5.3,1.8,2.0,0,83.8,8.4,1,1,0,1,5,0,91.5
698,18,0,3.9,3.9,1.0,0,77.2,5.6,0,4,1,2,9,0,71.5
159,20,0,3.2,1.2,4.4,0,81.5,7.4,1,3,0,0,9,0,77.9
524,18,0,1.7,2.9,2.5,0,84.6,6.0,1,0,0,0,7,1,39.9
35,21,0,4.2,1.7,0.0,1,84.2,6.5,1,1,0,0,3,0,72.6
540,23,0,4.0,3.0,3.0,0,83.2,7.7,1,3,0,0,6,1,74.7
170,24,1,5.8,2.1,2.8,0,74.7,9.3,0,1,0,1,6,0,96.6
654,22,0,3.1,4.7,0.4,0,79.5,6.2,1,4,2,1,9,0,71.5
890,23,1,4.7,0.9,1.0,1,83.9,4.7,0,5,1,0,3,0,84.5
857,19,1,0.5,0.0,2.6,1,86.4,5.8,2,5,2,2,8,1,45.0
847,18,1,2.3,0.6,1.1,0,100.0,6.2,0,0,0,1,9,0,73.5
944,21,0,1.7,1.6,1.7,0,61.0,6.7,0,5,0,1,8,1,67.9
733,24,1,3.3,2.8,0.0,0,98.3,7.3,0,2,0,1,6,0,70.6
95,22,1,1.7,2.9,2.0,0,97.5,6.0,1,0,1,1,6,0,50.2
563,23,1,4.4,4.3,0.0,1,100.0,6.1,0,3,2,0,2,0,70.1
240,18,1,1.9,1.6,2.3,0,72.0,6.3,0,6,2,2,3,0,51.2
742,18,0,5.3,1.8,3.6,0,88.6,5.7,0,4,0,0,1,1,71.0
574,23,2,4.7,4.9,2.7,0,86.4,8.4,2,6,0,0,2,0,89.6
690,18,1,2.5,1.8,1.2,1,88.3,6.9,0,1,1,0,6,0,70.5
460,18,1,3.7,3.3,0.3,1,87.4,6.6,0,6,1,1,5,0,72.3
553,20,0,4.8,0.8,0.0,0,81.2,8.1,1,5,1,0,1,0,88.0
888,20,2,3.0,3.0,1.7,1,79.0,7.4,0,4,0,1,8,1,69.8
206,24,1,3.5,1.9,1.2,0,95.3,6.5,2,6,0,0,10,1,92.6
392,24,0,2.2,4.7,2.2,0,89.8,8.2,1,0,1,2,3,0,45.2
794,17,0,2.6,1.4,1.2,0,83.6,8.5,2,5,0,0,7,0,80.3
397,22,0,2.3,2.5,1.9,1,96.9,6.2,0,4,0,1,10,1,71.9
766,21,1,0.0,2.4,2.9,0,85.6,3.8,2,3,1,0,8,0,30.5
848,23,2,4.5,3.8,1.3,0,83.6,7.3,0,3,1,2,6,0,74.6
217,21,2,5.1,0.9,0.7,0,79.7,5.5,0,6,1,1,3,0,87.0
4,19,0,5.0,4.4,0.5,0,90.9,4.9,0,3,2,1,1,0,66.4
768,20,0,5.2,4.4,0.5,0,81.6,6.2,0,1,1,2,4,0,74.0
642,24,0,2.4,2.9,0.5,0,71.5,6.8,0,5,1,1,2,1,50.4
929,17,0,5.7,2.7,1.4,0,79.0,7.7,1,0,2,0,8,1,89.8
612,20,1,2.6,2.3,0.9,0,80.1,7.0,0,0,2,1,9,0,69.3
738,21,2,4.3,2.2,2.3,0,71.8,7.6,0,2,1,1,5,1,76.0
546,21,1,4.5,2.7,1.2,1,85.8,5.4,1,2,2,1,1,1,62.9
725,21,0,3.9,1.9,2.4,0,75.8,5.7,1,2,0,0,2,0,64.0
683,20,0,3.6,1.1,0.3,1,83.5,6.2,0,4,1,1,4,0,77.2
98,22,1,2.4,0.0,3.1,0,92.2,4.8,1,3,0,1,7,1,63.9
804,22,0,4.3,4.0,1.1,1,88.4,4.4,1,2,1,0,2,1,59.0
727,19,1,4.1,4.2,1.6,0,70.2,3.3,1,2,1,1,7,0,57.4
573,18,1,3.0,1.4,2.0,0,83.6,8.2,0,5,0,1,3,0,67.2
406,22,0,3.6,1.3,2.1,0,68.0,6.3,2,2,0,1,10,1,82.4
502,21,0,0.3,3.2,2.2,0,88.4,7.1,2,3,1,0,4,1,34.0
47,23,0,2.5,2.9,2.7,0,83.5,7.0,1,4,1,1,8,1,59.7
32,20,2,2.6,4.9,4.3,0,82.1,6.9,1,3,0,1,7,0,52.1
779,19,0,3.6,2.0,1.0,1,80.7,7.1,1,6,0,0,10,0,85.6
839,21,1,2.4,2.3,2.2,0,72.0,7.5,1,6,2,0,3,0,63.9
200,23,0,3.5,1.3,0.5,0,89.8,7.8,0,2,0,1,7,0,81.9
134,23,1,3.6,1.5,0.5,0,73.2,7.2,0,2,0,1,3,0,70.7
27,18,1,3.2,2.2,2.8,1,88.1,4.8,0,5,0,0,3,0,71.1
880,21,1,2.5,3.2,2.0,0,76.9,4.1,0,1,0,1,6,0,41.6
230,22,1,4.2,0.3,0.1,0,80.0,7.9,2,3,1,2,9,1,100.0
489,21,0,7.4,3.6,1.3,0,91.6,7.1,1,3,1,1,6,1,100.0
772,17,0,2.8,1.4,2.8,0,77.3,8.3,2,5,2,2,7,0,73.0
378,18,1,1.7,1.0,1.7,0,78.4,7.8,1,6,0,1,6,0,63.6
288,17,1,5.4,1.6,1.4,0,100.0,7.1,0,3,1,0,5,0,95.5
418,24,0,2.4,2.8,0.9,0,79.6,4.0,1,4,1,0,3,1,54.7
674,20,0,2.6,2.2,0.7,0,91.6,7.3,2,2,1,2,6,0,63.6
391,19,0,3.2,0.2,0.1,1,87.2,7.2,1,4,1,0,3,0,72.6
592,21,0,2.5,1.9,3.2,1,83.2,6.5,0,5,2,0,3,0,60.1
498,17,0,2.0,2.7,2.0,0,91.9,6.7,1,6,1,0,8,0,71.7
138,23,1,3.9,3.3,0.5,0,87.0,8.5,0,3,2,0,2,0,64.1
62,21,1,4.5,3.4,3.3,1,93.1,7.1,1,6,1,1,10,0,94.7
471,24,0,2.2,3.1,1.1,0,96.5,6.9,0,0,0,2,4,0,33.8
647,17,0,4.3,1.5,0.0,0,88.9,4.6,2,6,1,0,4,0,84.2
128,20,1,1.8,1.8,1.1,0,92.4,6.7,1,0,1,1,2,0,48.7
976,24,0,3.7,3.6,1.7,0,97.6,5.7,1,0,0,1,10,1,77.4
520,24,0,4.1,3.3,0.6,1,78.7,5.1,1,2,0,1,1,0,62.7
838,20,1,3.3,2.9,3.6,0,88.1,5.2,0,4,0,0,8,1,60.3
962,22,1,3.5,3.1,2.9,1,85.4,6.5,1,0,2,0,6,0,55.1
64,23,1,3.2,1.7,2.1,0,80.8,5.2,1,3,1,2,4,1,68.6
812,17,0,4.5,0.9,2.2,0,84.8,5.9,1,0,0,1,1,0,70.6
14,24,1,2.4,1.5,0.7,0,87.4,6.7,2,6,0,0,9,0,78.9
156,23,1,1.9,3.5,1.7,1,71.1,6.3,0,0,1,1,8,0,57.7
40,19,0,3.7,4.7,2.0,0,98.8,8.5,1,6,0,1,2,0,69.7
492,17,1,3.8,3.1,2.3,0,77.3,8.1,1,2,1,1,6,0,67.8
379,17,1,0.0,2.6,1.6,0,82.4,7.4,1,5,1,0,3,0,32.9
187,23,1,4.9,1.5,3.5,0,84.3,6.8,0,0,0,0,4,0,73.8
763,18,1,3.9,2.4,0.0,1,91.1,5.5,1,3,1,2,1,1,59.5
216,20,0,2.5,2.1,1.5,0,90.2,5.6,0,6,1,0,1,1,60.3
791,24,1,5.4,3.4,0.9,0,82.7,6.2,0,1,0,1,9,0,92.3
52,19,0,2.4,3.6,3.6,0,86.9,7.0,0,6,1,0,1,0,48.4
878,21,1,3.5,1.3,1.8,1,60.6,4.8,0,4,0,1,2,0,60.0
337,19,1,5.3,2.2,1.7,0,92.0,5.2,0,2,1,1,5,0,93.1
748,17,0,1.7,2.0,2.4,0,79.4,6.5,1,5,1,0,8,0,45.7
719,20,1,2.3,2.3,1.6,1,76.9,8.7,0,0,1,1,9,0,68.9
724,17,1,3.5,0.0,1.7,0,84.5,7.5,2,4,1,0,4,1,70.5
295,20,0,0.9,4.3,4.1,0,90.1,6.1,1,6,1,0,4,0,27.6
701,24,1,4.7,3.1,0.9,0,74.9,4.9,1,4,1,0,9,1,96.4
251,17,0,4.3,4.3,1.4,0,87.1,7.9,0,1,2,0,2,0,65.2
726,19,1,2.3,1.9,0.0,1,85.1,7.5,0,6,0,2,7,1,77.4
461,21,0,1.3,3.4,2.2,0,92.3,5.0,0,6,2,2,5,0,49.7
455,19,1,8.3,3.3,2.6,1,86.6,6.5,0,5,1,0,9,0,100.0
996,17,0,2.9,1.0,2.4,1,86.0,6.8,2,1,1,0,6,1,65.9
815,21,0,2.9,2.6,2.0,0,72.7,5.6,2,1,2,1,1,0,43.5
862,18,0,5.5,2.0,0.0,0,90.1,6.2,1,5,1,2,1,0,93.7
269,19,0,3.1,2.1,3.0,0,93.3,8.4,1,4,0,0,8,0,85.6
201,24,1,4.4,0.9,0.0,0,92.3,5.8,0,3,1,1,8,0,96.5
161,17,2,4.3,3.4,0.8,0,73.8,6.6,1,6,1,0,7,0,76.8
555,24,1,3.4,0.0,1.6,0,95.2,5.4,1,3,1,0,10,1,83.4
729,20,1,3.5,3.0,2.7,0,70.6,5.4,0,5,1,1,7,0,66.7
401,20,1,2.4,2.6,1.0,0,77.0,6.0,1,2,1,1,3,1,48.3
702,17,1,4.7,1.2,1.8,0,81.6,6.0,0,1,2,1,3,0,83.1
476,17,0,2.1,2.7,1.4,0,77.4,4.3,1,5,2,1,4,1,39.9
821,20,1,1.4,4.0,3.6,0,81.7,7.1,1,3,2,2,4,0,35.4
771,21,0,4.2,2.0,3.5,0,88.0,6.5,1,5,1,0,9,0,84.6
105,18,1,1.4,3.9,3.9,1,68.1,8.0,1,4,1,0,4,1,32.8
565,18,0,5.1,2.5,2.4,0,90.3,5.0,2,0,2,1,6,0,79.3
389,17,1,5.3,5.0,1.8,0,84.9,4.8,2,2,1,0,8,0,79.6
1,20,0,6.9,2.8,2.3,0,97.3,4.6,1,6,1,0,8,0,100.0
937,21,0,1.9,3.2,1.2,0,75.9,6.0,1,6,0,1,5,0,41.7
982,20,0,3.8,2.4,2.2,1,91.5,8.6,0,2,1,1,10,0,88.0
561,19,2,3.1,1.9,3.7,0,78.5,7.9,1,0,0,1,10,1,66.6
80,23,1,2.9,2.6,1.8,0,64.0,9.1,1,6,1,1,8,0,70.7
205,21,2,3.3,4.3,3.9,0,90.4,6.4,0,0,1,1,4,0,56.4
34,22,0,1.1,2.7,0.1,0,100.0,7.7,0,1,1,1,4,0,51.2
775,21,1,1.2,4.3,2.2,0,74.6,8.2,0,2,0,0,4,0,36.2
508,24,1,4.8,3.2,1.6,0,92.6,7.4,0,4,0,2,1,1,76.6
427,20,0,2.9,2.3,0.8,1,75.7,7.3,0,5,0,1,8,0,75.1
454,21,1,3.2,3.2,2.6,1,78.0,4.2,0,5,0,2,1,0,46.7
366,22,1,6.3,3.0,1.6,0,93.6,7.7,2,2,1,0,6,1,94.8
91,20,0,4.8,4.3,2.1,0,80.6,4.7,0,5,1,0,2,0,63.4
339,20,0,4.4,2.9,1.4,0,92.8,6.6,0,6,2,1,4,1,77.9
897,20,1,4.8,2.7,2.3,0,93.2,6.6,1,1,1,1,1,1,70.8
564,20,1,2.1,4.9,1.1,0,92.0,8.0,1,3,1,0,4,0,61.5
345,23,1,2.8,1.5,0.3,0,91.6,6.7,0,3,0,2,4,0,71.6
776,17,1,3.9,1.8,3.2,0,93.6,8.2,2,0,1,0,4,0,65.6
241,23,1,4.3,2.7,2.4,1,66.5,5.0,0,5,0,2,3,0,60.6
13,19,0,3.4,2.7,2.7,0,89.3,4.7,0,4,0,1,10,0,75.8
315,24,0,4.5,3.4,0.4,0,79.6,6.1,0,5,1,2,10,0,98.8
600,21,1,6.0,3.3,2.2,0,74.4,5.4,0,0,1,0,8,1,90.2
387,23,1,4.0,1.8,3.4,0,87.1,8.1,1,1,0,2,9,1,82.9
273,24,1,2.6,2.3,1.7,0,85.6,5.7,0,1,0,1,1,1,45.5
166,24,1,2.1,1.2,1.8,0,87.5,5.1,0,1,1,0,7,0,66.7
840,23,1,2.5,0.2,0.9,1,89.5,7.5,1,3,1,1,6,1,80.0
992,18,1,3.5,0.0,1.9,0,96.8,6.4,0,3,0,2,3,0,71.8
646,21,0,3.9,2.4,1.8,0,100.0,6.2,2,2,1,0,3,0,68.4
818,20,1,2.3,3.2,2.4,0,83.0,4.2,0,6,0,2,1,1,48.5
484,21,0,1.9,1.2,0.9,0,85.3,5.1,0,2,0,1,7,1,56.9
980,20,0,3.7,3.5,2.5,0,93.0,5.2,2,6,1,1,10,1,81.0
504,23,0,5.4,3.1,3.1,0,79.0,4.2,0,1,0,1,4,0,77.9
831,21,0,4.6,3.2,1.3,0,84.2,6.8,2,5,1,0,1,1,77.6
243,17,0,4.6,2.2,1.7,0,85.2,7.6,0,2,0,0,8,0,87.3
566,18,1,2.7,3.7,2.3,0,86.7,7.0,2,5,1,1,4,1,63.9
875,19,0,7.6,3.0,2.9,0,99.4,4.8,2,0,1,1,3,0,100.0
562,23,0,4.6,1.2,0.0,0,63.1,6.4,1,3,1,0,6,0,91.7
686,22,0,5.4,1.8,3.0,1,75.6,6.9,0,0,1,0,1,0,69.9
189,22,1,3.2,2.0,1.6,0,78.2,5.6,0,2,1,0,7,1,60.5
782,24,0,3.9,3.3,1.1,1,90.6,8.6,0,0,1,1,3,0,56.0
699,19,1,3.9,2.7,1.6,0,92.1,6.0,0,3,0,0,9,0,77.8
475,24,1,2.9,3.8,2.1,0,79.8,6.4,1,6,0,1,5,1,52.1
681,21,1,0.7,0.7,1.0,0,81.7,9.3,2,6,1,0,3,0,51.5
510,17,1,3.1,1.7,2.9,1,71.5,5.6,1,0,0,0,3,1,51.1
58,19,0,2.2,5.0,1.0,0,78.4,7.5,2,5,2,0,2,1,46.4
474,19,1,3.0,4.5,2.3,1,79.7,7.0,0,6,0,1,5,0,52.6
560,20,0,4.3,4.8,2.9,1,83.7,7.7,0,3,1,1,9,0,79.8
856,19,0,3.1,0.7,1.3,1,88.0,7.6,0,2,1,2,6,1,81.5
747,23,1,1.8,1.1,0.3,0,85.5,6.4,1,2,1,0,6,0,49.8
252,20,0,4.2,1.2,4.0,0,75.8,6.5,0,1,1,1,10,0,85.3
21,21,1,5.6,2.1,2.4,0,95.6,7.2,0,1,1,1,3,0,82.5
313,23,0,3.5,0.8,0.6,0,89.2,7.7,1,0,1,1,4,0,84.2
459,19,0,5.2,4.2,2.8,1,93.0,7.5,2,2,1,1,7,0,77.9
160,23,1,3.6,3.0,2.0,0,93.9,5.1,0,0,2,0,5,0,65.2
276,17,1,3.1,2.3,2.4,1,83.2,5.9,0,4,1,1,4,1,61.5
955,19,0,2.7,2.8,1.4,1,92.2,10.0,2,3,1,0,8,0,86.9
191,19,1,0.8,3.2,1.4,0,84.9,8.3,1,1,2,0,6,0,45.1
385,24,1,4.2,3.0,2.1,0,73.0,6.5,2,4,0,2,2,0,64.2
805,20,0,3.6,2.2,2.2,0,75.1,6.0,0,3,0,0,10,1,76.1
413,17,1,1.5,2.4,2.0,1,85.3,5.6,2,3,1,0,9,0,60.3
491,21,0,4.0,4.3,2.4,0,84.8,8.3,1,0,1,1,2,0,53.0
343,18,2,3.5,1.8,1.9,0,85.8,6.6,0,0,1,1,9,0,85.0
769,17,1,6.4,3.7,2.0,0,64.1,5.1,0,6,1,1,4,0,98.8
308,24,1,1.7,3.3,1.3,0,94.7,5.8,0,6,2,1,6,1,61.5
661,19,1,3.6,3.5,2.1,0,82.2,5.8,1,3,0,2,10,0,62.5
130,20,0,4.1,4.6,3.4,0,85.3,5.5,2,5,0,1,10,0,81.6
663,22,0,2.5,0.8,2.0,0,89.6,8.6,0,4,1,1,6,0,75.6
871,24,1,2.0,1.7,0.2,1,81.4,7.3,2,3,2,1,8,1,66.5
99,21,1,3.4,2.7,3.4,0,100.0,6.6,1,1,1,1,6,0,65.6
372,18,0,4.0,3.2,1.7,0,77.4,6.4,0,6,1,1,3,0,68.4
87,17,1,2.3,0.9,1.0,0,69.0,6.2,0,1,2,0,2,1,47.2
458,19,1,2.9,3.0,3.1,0,70.9,5.4,1,5,2,1,3,0,59.0
330,17,1,2.7,2.5,1.4,0,95.9,6.6,1,6,2,0,2,0,52.2
214,19,1,5.7,3.8,0.0,0,100.0,8.8,0,3,1,0,7,0,100.0
466,24,0,2.8,4.2,0.9,0,90.3,6.1,1,2,0,0,10,0,59.7
121,21,1,3.3,1.7,1.8,0,85.2,7.7,2,0,1,1,2,0,60.5
614,22,0,2.4,1.9,0.0,0,75.3,6.5,1,6,1,1,1,0,53.9
20,22,0,3.8,2.3,2.9,0,83.0,6.4,1,3,2,1,1,0,58.5
700,18,0,3.3,1.9,1.3,0,100.0,7.0,2,0,0,2,6,1,67.7
71,18,0,1.4,3.4,0.0,0,89.9,4.6,0,0,1,2,10,1,55.1
106,22,1,3.3,0.4,0.8,0,83.3,9.1,1,6,1,1,4,1,82.3
270,22,1,4.0,3.2,2.3,1,96.6,6.0,1,4,1,1,3,1,63.0
860,20,0,3.6,3.9,4.2,0,100.0,8.3,2,1,1,2,8,1,65.6
435,24,1,2.0,0.0,3.1,0,73.7,6.3,1,6,1,0,3,1,58.3
102,18,1,4.3,4.0,0.8,0,100.0,7.5,0,0,1,0,1,0,60.8
